-- MySQL dump 10.13  Distrib 5.7.28, for Linux (x86_64)
--
-- Host: localhost    Database: ilc_bill_master
-- ------------------------------------------------------
-- Server version	5.7.28-0ubuntu0.16.04.2

/*!40101 SET @OLD_CHARACTER_SET_CLIENT=@@CHARACTER_SET_CLIENT */;
/*!40101 SET @OLD_CHARACTER_SET_RESULTS=@@CHARACTER_SET_RESULTS */;
/*!40101 SET @OLD_COLLATION_CONNECTION=@@COLLATION_CONNECTION */;
/*!40101 SET NAMES utf8 */;
/*!40103 SET @OLD_TIME_ZONE=@@TIME_ZONE */;
/*!40103 SET TIME_ZONE='+00:00' */;
/*!40014 SET @OLD_UNIQUE_CHECKS=@@UNIQUE_CHECKS, UNIQUE_CHECKS=0 */;
/*!40014 SET @OLD_FOREIGN_KEY_CHECKS=@@FOREIGN_KEY_CHECKS, FOREIGN_KEY_CHECKS=0 */;
/*!40101 SET @OLD_SQL_MODE=@@SQL_MODE, SQL_MODE='NO_AUTO_VALUE_ON_ZERO' */;
/*!40111 SET @OLD_SQL_NOTES=@@SQL_NOTES, SQL_NOTES=0 */;

--
-- Table structure for table `client_master`
--

DROP TABLE IF EXISTS `client_master`;
/*!40101 SET @saved_cs_client     = @@character_set_client */;
/*!40101 SET character_set_client = utf8 */;
CREATE TABLE `client_master` (
  `clientId` int(11) NOT NULL AUTO_INCREMENT,
  `Name` varchar(450) NOT NULL,
  `Address` varchar(450) DEFAULT NULL,
  `landline` varchar(50) DEFAULT NULL,
  `fax_no` varchar(50) DEFAULT NULL,
  `category` varchar(100) DEFAULT NULL,
  `turn_Over` decimal(50,2) DEFAULT NULL,
  `year_accusation` varchar(10) DEFAULT NULL,
  `isActive` char(1) DEFAULT NULL,
  `currencyId` int(11) DEFAULT NULL,
  `limit_amount` int(11) DEFAULT NULL,
  `created_on` date DEFAULT NULL,
  `inactive_from` date DEFAULT NULL,
  `rm_name` varchar(200) DEFAULT NULL,
  `ship_Address` varchar(500) DEFAULT NULL,
  `ourChargesType` varchar(25) DEFAULT NULL,
  `subMinAmount` decimal(20,2) DEFAULT NULL,
  `ourCharges` decimal(5,2) DEFAULT NULL,
  `isNew` tinyint(1) DEFAULT '0',
  `stateName` varchar(50) DEFAULT NULL,
  `gstin` varchar(50) DEFAULT NULL,
  `RM_NAME_SECONDARY` varchar(45) DEFAULT NULL,
  `pricingType` varchar(50) DEFAULT NULL,
  `pricingRate` decimal(20,2) DEFAULT NULL,
  `pricingMinAmount` decimal(20,2) DEFAULT NULL,
  `pricingMaxAmount` decimal(20,2) DEFAULT NULL,
  `lcRestAmount` decimal(20,2) DEFAULT NULL,
  PRIMARY KEY (`clientId`),
  KEY `FK_currency_id` (`currencyId`),
  CONSTRAINT `FK_currency_id` FOREIGN KEY (`currencyId`) REFERENCES `currency_master` (`id`)
) ENGINE=InnoDB AUTO_INCREMENT=2985 DEFAULT CHARSET=latin1;
/*!40101 SET character_set_client = @saved_cs_client */;

--
-- Dumping data for table `client_master`
--

LOCK TABLES `client_master` WRITE;
/*!40000 ALTER TABLE `client_master` DISABLE KEYS */;
INSERT INTO `client_master` VALUES (2914,'SHREE BALAJI ALUMNICAST PVT LTD','E-143, KAMLA NAGAR, 69, KMS NH-8, DHARUHERA HARYANA','','','Mid Corporate: To: 500-1000 Cr.',600.00,'2017-05-22','1',NULL,NULL,NULL,NULL,'Bijender Kumar',NULL,NULL,NULL,NULL,1,'Haryana','06AAHCS7228N1ZU','Bijender Kumar','',NULL,NULL,NULL,NULL),(2915,'JBD STEEL CORPORATION','PLOT NO-31, INDUSTRIAL AREA, VILLAGE-RAHIYAN, KOHARA MACHIWARA ROAD, LUDHIANA','','','Mid Corporate: To: 500-1000 Cr.',600.00,'2017-05-22',NULL,NULL,NULL,NULL,NULL,'Bijender Kumar',NULL,NULL,NULL,NULL,1,'Punjab','06AAEFJ6435G1ZG','Bijender Kumar','',NULL,NULL,NULL,NULL),(2916,'MICRON PRECISION SCREWS LTD','POSTAL  /BILLING ADDRESS 8TH MILE STONE, DELHI ROAD, ROHTAK - 124001','9891910718','','SME Client: To: Less than 100 Cr.',2000.00,'2018-06-05',NULL,NULL,NULL,NULL,NULL,'Abhay Jain',NULL,NULL,NULL,NULL,1,'Uttarakhand','06AAACM1305R1ZN','Jaya Sudha','',NULL,NULL,NULL,100000.00),(2917,'Orange','gurgaon','9717323931','3717323931','SME Client: To: Less than 100 Cr.',10000000.00,'2019-05-22',NULL,NULL,NULL,NULL,NULL,'Vishal Nagpal',NULL,NULL,NULL,NULL,1,'Haryana','45124785','Vishal Kanojia','Annual Rate',1000.00,1000.00,10000.00,100000.00),(2919,'TP','84, M BLOCK COMMERCIAL COMPLEX, GREATER KAILASH ?II, NEW DELHI -110048','','','Mid Corporate: To: 500-1000 Cr.',2000.00,'2017-05-01',NULL,NULL,NULL,NULL,NULL,'Abhay Jain',NULL,NULL,NULL,NULL,1,'Delhi','08AAACT3227D1ZQ','Jaya Sudha','',NULL,NULL,NULL,10000.00),(2920,'YASHODHA MOTORS PVT LTD','MOHRA, GT ROAD','','','SME Client: To: Less than 100 Cr.',2000.00,'2019-05-22',NULL,NULL,NULL,NULL,NULL,'Abhay Jain',NULL,NULL,NULL,NULL,1,'Delhi','08AAACT3227D1AQ','Jaya Sudha','',NULL,NULL,NULL,10000.00),(2921,'BD','C-Nathupur Village','9891910718','','Mid Corporate: To: 500-1000 Cr.',200.00,'2019-05-22','1',NULL,NULL,NULL,NULL,'Bijender Kumar','C-Nathupur Village,C-Nathupur Village',NULL,NULL,NULL,1,'Haryana','0675878','Abhay Jain','Rate Amount',10.00,NULL,NULL,1000.00),(2922,'ICPL','201, Corporate park','9911820718','','Mid Corporate: To: 500-1000 Cr.',100.00,'2019-05-22',NULL,NULL,NULL,NULL,NULL,'Priyanka Gaur',NULL,NULL,NULL,NULL,1,'Haryana','0978278995','Jaya Sudha','',NULL,NULL,NULL,100.00),(2923,'Dehradun Ltd','B-9, Race Course, Dehradun','9891910718','','Large Corporate: To- 1000 Cr.+',5000.00,'2019-05-23',NULL,NULL,NULL,NULL,NULL,'Abhay Jain','',NULL,NULL,NULL,1,'Uttarakhand','06014014','Jaya Sudha','',NULL,NULL,NULL,1000.00),(2924,'UPC Limited','G-61, Haldwani','9891910718','','Large Corporate: To- 1000 Cr.+',500.00,'2019-05-23',NULL,NULL,NULL,NULL,NULL,'Bijender Kumar',NULL,NULL,NULL,NULL,1,'Uttarakhand','12301456','Jaya Sudha','',NULL,NULL,NULL,1000.00),(2925,'Google Limited','Mumbai, India','9891910718','','Mid Corporate: To: 500-1000 Cr.',500.00,'2019-05-27','1',NULL,NULL,NULL,NULL,'Bijender Kumar',NULL,NULL,NULL,NULL,1,'Maharashtra','06658974','Bijender Kumar','',NULL,NULL,NULL,100.00),(2926,'Facebook Limited','Gurugram, India','9891910718','','Large Corporate: To- 1000 Cr.+',500.00,'2019-05-27','1',NULL,NULL,NULL,NULL,'Priyanka Gaur','Gurugram, India,Gurugram, India',NULL,NULL,NULL,1,'Haryana','071897517','Abhay Jain','',NULL,NULL,NULL,100.00),(2927,'xyz','Gurgaon','9015386231','9717323931','SME Client: To: Less than 100 Cr.',100000000.00,'2019-06-05','1',NULL,NULL,NULL,NULL,'Abhay Jain',NULL,NULL,NULL,NULL,1,'Haryana','                               ','sachin','Flat Amount',1000.00,10000.00,10000.00,100000.00),(2930,'Zone Computers Limited','C-61, Banglore','9911820718','','Mid Corporate: To: 500-1000 Cr.',500.00,'2019-06-20','1',NULL,NULL,NULL,NULL,'Abhay Jain',NULL,NULL,NULL,NULL,1,'Karnataka','06045789123','Rakesh Nayak','',NULL,NULL,NULL,100.00),(2931,'Sky Vision Limitd','B-95, Faridabad','9911820718','','Mid Corporate: To: 500-1000 Cr.',200.00,'2019-06-20','1',NULL,NULL,NULL,NULL,'Bijender Kumar','ggg,ggg',NULL,NULL,NULL,1,'Haryana','0321875406','Aanchal Sharma','',NULL,NULL,NULL,100.00),(2932,'Orange Mango','Sohna Road','9015386231','98798766544','Bullion',900000000.00,'2019-06-19','1',NULL,NULL,NULL,NULL,'Abhay Jain',NULL,NULL,NULL,NULL,1,'Assam','98765R','Rakesh Nayak','Annual Rate',NULL,NULL,NULL,8000000.00),(2933,'Pc8','pc8@orangemantra.com','9015386231','98765','Bullion',8000000000.00,'2018-07-01','1',NULL,NULL,NULL,NULL,'Neha Panwar',NULL,NULL,NULL,NULL,1,'Delhi','987654u','Sanna','Annual Rate',8000000.00,9000000.00,90000000.00,800000000.00),(2934,'GPN Systems','D-81, Okhla, Phase-II','9891910718','','Mid Corporate: To: 500-1000 Cr.',200000.00,'2019-07-02','1',NULL,NULL,NULL,NULL,'Bijender Kumar',NULL,NULL,NULL,NULL,1,'Delhi','07865897485412','Abhay Jain','',NULL,NULL,NULL,100.00),(2935,'Delta Limited','C-81, Preet Vihar','9891910718','','Mid Corporate: To: 500-1000 Cr.',25.00,'2019-07-12','1',NULL,NULL,NULL,NULL,'Bijender Kumar','C-81, Preet Vihar,C-81, Preet Vihar',NULL,NULL,NULL,1,'Delhi','06987254687','Abhay Jain','',NULL,NULL,NULL,100.00),(2936,'MI Limited','GN-14, DLF Phase 3, Gurugram','9891910718','','Mid Corporate: To: 500-1000 Cr.',50.00,'2019-07-12','1',NULL,NULL,NULL,NULL,'Jaya Sudha',NULL,NULL,NULL,NULL,1,'Haryana','07245679428','Bijender Kumar','',NULL,NULL,NULL,100.00),(2937,'Microsoft Limited','401, DLF Corporate Park, DLF Phase 3, Gurugram','9891910718','','SME Client: To: Less than 100 Cr.',1000.00,'2019-07-19','1',NULL,NULL,NULL,NULL,'Abhay Jain','401, DLF Corporate Park, DLF Phase 3, Gurugram,401, DLF Corporate Park, DLF Phase 3, Gurugram',NULL,NULL,NULL,1,'Haryana','06789457894','Bijender Kumar','',NULL,NULL,NULL,1000.00),(2938,'Infosys Limited','814, IP Building, Barakhamba, Road, New Delhi - 110001','9891910718','','Emerging Corporate: To: 100-500 Cr.',100.00,'2019-07-19','1',NULL,NULL,NULL,NULL,'Bijender Kumar',NULL,NULL,NULL,NULL,1,'Delhi','06687497415','Abhay Jain','',NULL,NULL,NULL,1000.00),(2939,'Synology','C - 41, Nehru Place','9891910718','','Mid Corporate: To: 500-1000 Cr.',500.00,'2019-07-31','1',NULL,NULL,NULL,NULL,'Bijender Kumar',NULL,NULL,NULL,NULL,1,'Delhi','078148721457','Abhay Jain','',NULL,NULL,NULL,100.00),(2940,'Intel Technology India PVT','4th Floor, A/B Wing, Site 6/2, 6/3, ITPL Main Road, BEML Layout, Brookefield, Thoobarahalli Village, Bengaluru','01244445300','','Large Corporate: To- 1000 Cr.+',1000.00,'2019-07-31','1',NULL,NULL,NULL,NULL,'Ajay Bhardwaj','4th Floor, A/B Wing, Site 6/2, 6/3, ITPL Main Road, BEML Layout, Brookefield, Thoobarahalli Village',NULL,NULL,NULL,1,'Karnataka','098564875784','Shubham Kumar','',NULL,NULL,NULL,1000.00),(2941,'HIMALAYAN POLYMER INDUSTRIES','POSTAL ADDRESS \r\n710, TOWER B, WORLD TRADE TOWER,              SECTOR  16, NOIDA 201 301 (U.P) INDIA\r\n\r\nBILLING ADDRESS \r\n\r\n D-5, UPSIDC INDUSTRIAL AREA,\r\n SELAQUI   248197, DEHRADUN (UTTARAKHAND)','','','SME Client: To: Less than 100 Cr.',1000.00,'2018-04-01','1',NULL,NULL,NULL,NULL,'Abhay Jain',NULL,NULL,NULL,NULL,1,'Uttarakhand','05AAFFH5362P1Z0','Ajay Bhardwaj','',NULL,NULL,NULL,0.00),(2942,'IVL DHUNSERI PETROCHEM INDUSTRIES PVT LTD','DHUNSERI HOUSE, 4A WOODBURN PARK, KOLKATA 700020','','','SME Client: To: Less than 100 Cr.',1000.00,'2019-04-02','1',NULL,NULL,NULL,NULL,'Abhay Jain',NULL,NULL,NULL,NULL,1,'West Bengal','0','Ajay Bhardwaj','',NULL,NULL,NULL,NULL),(2943,'orison Industries','B 74,MIA,Alwar, Rajasthan','9910164269','','SME Client: To: Less than 100 Cr.',100.00,'2019-08-02','1',NULL,NULL,NULL,NULL,'Shubham Kumar',NULL,NULL,NULL,NULL,1,'Rajasthan','07AAAAA56666','sachin','',NULL,NULL,NULL,100.00),(2945,'Firgun Associates','Safdarjung Enclave, New Delhi','9717323931','','SME Client: To: Less than 100 Cr.',1000000.00,'2019-08-02','1',NULL,NULL,NULL,NULL,'sachin',NULL,NULL,NULL,NULL,1,'Delhi','AAAAAAAAAA','Abhay Jain','',NULL,NULL,NULL,100.00),(2946,'KANODIA TECHNOPLAST LTD','A 54, WAZIRPUR INDUSTRIAL AREA, DELHI 52','','','SME Client: To: Less than 100 Cr.',50.00,'2017-08-02','1',NULL,NULL,NULL,NULL,'Bijender Kumar',NULL,NULL,NULL,NULL,1,'Delhi','0658497485447','Priyanka Gaur','',NULL,NULL,NULL,100.00),(2947,'RADHIKA EXPORTS CORPORATION','601, CROWN HEIGHTS, 38/1, TWIN DISTT. CENTRE, HOTEL CROWN PLAZA COMPLEX, SECTOR-10, ROHINI. NEW DELHI-110085','','','SME Client: To: Less than 100 Cr.',0.00,'2016-08-02','1',NULL,NULL,NULL,NULL,'Bijender Kumar',NULL,NULL,NULL,NULL,1,'Delhi','0','Priyanka Gaur','',NULL,NULL,NULL,NULL),(2948,'TANYA ENGINEERS','G 2, South Side, Industrial Area, Ghaziabad, 201009','','0','SME Client: To: Less than 100 Cr.',0.00,'2018-04-02','1',NULL,NULL,NULL,NULL,'Abhay Jain',NULL,NULL,NULL,NULL,1,'Uttar Pradesh','05AAFFT2966H1Z1','Ajay Bhardwaj','',NULL,NULL,NULL,NULL),(2949,'The Great zone','DLF Phase-3','8130506485','1234567891','Mid Corporate: To: 500-1000 Cr.',80.00,'2019-08-02','1',NULL,NULL,NULL,NULL,'Bijender Kumar',NULL,NULL,NULL,NULL,1,'Haryana','ghn201245','Abhay Jain','Annual Rate',10000.00,1000.00,100000.00,10000.00),(2950,'GENUS INNOVATION LTD','SP,-2B, RIICO INDUSTRIAL AREA, SITAPURA, \r\nTANK ROAD, JAIPUR 302022','9717323931','1212','SME Client: To: Less than 100 Cr.',0.00,'2018-04-02','1',NULL,NULL,NULL,NULL,'Abhay Jain',NULL,NULL,NULL,NULL,1,'Rajasthan','0','Ajay Bhardwaj','',NULL,NULL,NULL,100.00),(2951,'RVS Consulting','Tower 4 B, 202 2nd Floor, DLF CP, Gurugram','01244445300','','SME Client: To: Less than 100 Cr.',50.00,'2019-08-05','1',NULL,NULL,NULL,NULL,'Ajay Bhardwaj',NULL,NULL,NULL,NULL,1,'Haryana','0652456745','Priyanka Gaur','',NULL,NULL,NULL,100.00),(2952,'MSR Technology PVT','501, Mahan State','0124232222','','Bullion',1000000.00,'2019-08-07','1',NULL,NULL,NULL,NULL,'sachin',NULL,NULL,NULL,NULL,1,'Delhi','9702457847','Shubham Kumar','Flat Amount',1000.00,100.00,1500.00,100.00),(2953,'SG Systems','Nehru Place','0112564879','','SME Client: To: Less than 100 Cr.',50.00,'2019-08-05','1',NULL,NULL,NULL,NULL,'Ajay Bhardwaj',NULL,NULL,NULL,NULL,1,'Delhi','0614514471227','Priyanka Gaur','',NULL,NULL,NULL,100.00),(2954,'Advanced Info','C401 , Mumbai','02258945874','','SME Client: To: Less than 100 Cr.',20.00,'2019-08-05','1',NULL,NULL,NULL,NULL,'Priyanka Gaur',NULL,NULL,NULL,NULL,1,'Maharashtra','9874821791','Ajay Bhardwaj','',NULL,NULL,NULL,100.00),(2955,'Seagate Limited','401, Udyog Vihar, Phase-4, Gurugram','01244445300','','SME Client: To: Less than 100 Cr.',50.00,'2019-08-06','1',NULL,NULL,NULL,NULL,'Priyanka Gaur','401, Udyog Vihar, Phase-4, Gurugram,401, Udyog Vihar, Phase-4, Gurugram',NULL,NULL,NULL,1,'Haryana','06BBCDEDF','Ajay Bhardwaj','',NULL,NULL,NULL,1000.00),(2956,'Western Digital Limited','Unit No. 1506, Vijay Nagar, Banglore','01244445300','','SME Client: To: Less than 100 Cr.',100.00,'2019-08-06','1',NULL,NULL,NULL,NULL,'Ajay Bhardwaj','',NULL,NULL,NULL,1,'Karnataka','29KKD12498','Priyanka Gaur','',NULL,NULL,NULL,1000.00),(2957,'APCO INFRATECH PVT LTD','GOMTI NAGAR, LUCKNOW','01244445300','','SME Client: To: Less than 100 Cr.',100.00,'2019-08-12','1',NULL,NULL,NULL,NULL,'Bijender Kumar',NULL,NULL,NULL,NULL,1,'Uttar Pradesh','AAA12345671H','Priyanka Gaur','',NULL,NULL,NULL,100.00),(2958,'DAGA TRADING CO. PVT LTD','CONNAUGHT PLACE','','','SME Client: To: Less than 100 Cr.',100.00,'2014-08-01','1',NULL,NULL,NULL,NULL,'Bijender Kumar',NULL,NULL,NULL,NULL,1,'Delhi','AACRDAGA123','Bijender Kumar','',NULL,NULL,NULL,NULL),(2959,'RDS PROJECT LTD','POSTAL ADDRESS : 427, SOMDUTT CHAMBERS II, \r\n9 BHIKAJI CAMA PLACE, NEW DELHI- 110066','','','Large Corporate: To- 1000 Cr.+',10000.00,'2017-08-12','1',NULL,NULL,NULL,NULL,'Bijender Kumar',NULL,NULL,NULL,NULL,1,'Delhi','0','Priyanka Gaur','',NULL,NULL,NULL,NULL),(2960,'IOCL','SILCHAR DIVISIONAL OFFICE, JAGANNATH APPARTMENT, HOSPITAL ROAD, SILCHAR, ASSAM','','','Large Corporate: To- 1000 Cr.+',0.00,'2017-08-12','1',NULL,NULL,NULL,NULL,'Bijender Kumar',NULL,NULL,NULL,NULL,1,'Assam','0','Bijender Kumar','',NULL,NULL,NULL,NULL),(2961,'BJ Infrastructure','Udyog Vihar, Peera Garhi, New Delhi','01244445300','','SME Client: To: Less than 100 Cr.',50.00,'2019-08-17','1',NULL,NULL,NULL,NULL,'Ajay Bhardwaj','Udyog Vihar, Peera Garhi, New Delhi,Udyog Vihar, Peera Garhi, New Delhi',NULL,NULL,NULL,1,'Delhi','07AM59874887','Priyanka Gaur','',NULL,NULL,NULL,100.00),(2962,'HD Enterprises','22-122, Asaf Ali Rd, Kucha Pati Ram','','','SME Client: To: Less than 100 Cr.',100.00,'2019-08-17','1',NULL,NULL,NULL,NULL,'Priyanka Gaur',NULL,NULL,NULL,NULL,1,'Delhi','070bcd45678974','Ajay Bhardwaj','',NULL,NULL,NULL,100.00),(2963,'CHARMING PRINTING & GRAPHICS (P) LTD','Postal Address:\r\n\r\n404, PRAGATHI TOWER, GOVINDLAL SIKKA MARG, PRASAD NAGAR, RAJENDRA PLACE, NEW DELHI 110008 \r\n\r\nREGD ADDRESS : \r\n\r\n86, CHANDERLOK ENCLAVE, PITAM PURA, NEW DELHI 110034','01127353265','','SME Client: To: Less than 100 Cr.',10000.00,'2018-07-12','1',NULL,NULL,NULL,NULL,'Priyanka Gaur',NULL,NULL,NULL,NULL,1,'Delhi','07AACCC7205L1ZO','Bijender Kumar','',NULL,NULL,NULL,NULL),(2964,'BANGALORE PAPER STORE','BANGALORE PAPER STORE','2478857125788572','','SME Client: To: Less than 100 Cr.',10000.00,'2018-08-19','1',NULL,NULL,NULL,NULL,'Priyanka Gaur',NULL,NULL,NULL,NULL,1,'Delhi','07AAIPG3361L1ZM','Bijender Kumar','',NULL,NULL,NULL,NULL),(2965,'PRECON TECHNOLOGY AND CASTING LTD','POSTAL ADDRESS - 39, 3RD FLOOR, PASCHIMI MARG, VASANT VIHAR NEW DELHI 110057(OPPOSITE VASANT VIHAR CLUB)','011','011','Large Corporate: To- 1000 Cr.+',2000.00,'2019-08-20','1',NULL,NULL,NULL,NULL,'Priyanka Gaur',NULL,NULL,NULL,NULL,1,'Delhi','12345','Bijender Kumar','',NULL,NULL,NULL,NULL),(2966,'SUPER STEEL SYNDICATE','SHREE RAM BHAWAN, PLOT NO-2, SANJAY MEMORIAL INDUSTRIAL ESTATE, 20/2, MATHURA ROAD, FARIDABAD, HARYANA','','','Mid Corporate: To: 500-1000 Cr.',NULL,'2019-08-20','1',NULL,NULL,NULL,NULL,'Priyanka Gaur',NULL,NULL,NULL,NULL,1,'Haryana','78910','Bijender Kumar','',NULL,NULL,NULL,NULL),(2967,'PSR METALS PVT LTD','5TH FLOOR, SB TOWER, 1A/1, SECTOR 16A, GAUTAM BUDH NAGAR, NOIDA, UP','0120','0120','Mid Corporate: To: 500-1000 Cr.',0.00,'2019-08-06','1',NULL,50000000,NULL,NULL,'Ajay Bhardwaj',NULL,NULL,NULL,NULL,1,'Uttar Pradesh','00001','Abhay Jain','',NULL,NULL,NULL,NULL),(2968,'LIVGUARD BATTERIES PVT LTD','KHASRA NO-1248/2,1249,1259/2,1260/1, VPO MANPURA, THE BADDI DISTT.,SOLAN HIMANCHAL PRADESH','000','000','Mid Corporate: To: 500-1000 Cr.',NULL,'2019-08-06','1',NULL,NULL,NULL,NULL,'Ajay Bhardwaj',NULL,NULL,NULL,NULL,1,'Himachal Pradesh','000','Abhay Jain','',NULL,NULL,NULL,NULL),(2969,'Bosch Speakers','B/82, Okhla','01244445300','','SME Client: To: Less than 100 Cr.',50.00,'2019-08-22','1',NULL,NULL,NULL,NULL,'Priyanka Gaur','',NULL,NULL,NULL,1,'Delhi','079A447145578','Ajay Bhardwaj','',NULL,NULL,NULL,100.00),(2970,'Moser Baer','C-520','01244445300','','SME Client: To: Less than 100 Cr.',100.00,'2019-08-22','1',NULL,100000,NULL,NULL,'Ajay Bhardwaj','C-520,C-520',NULL,NULL,NULL,1,'Punjab','045689547A1','Priyanka Gaur','',NULL,NULL,NULL,100.00),(2971,'BRAHAMPURI STEELS LTD','BRAHAMPURI STEELS LTD','011','011','SME Client: To: Less than 100 Cr.',0.00,'2019-07-01','1',NULL,50000000,NULL,NULL,'Abhay Jain',NULL,NULL,NULL,NULL,1,'Andaman and Nicobar','12345','Abhay Jain','',NULL,NULL,NULL,NULL),(2972,'ADITI SALES CORPORATION','ADITI SALES CORPORATION','011','011','SME Client: To: Less than 100 Cr.',0.00,'2019-07-01','1',NULL,NULL,NULL,NULL,'Abhay Jain',NULL,NULL,NULL,NULL,1,'Andaman and Nicobar','12345','Abhay Jain','Annual Rate',80000.00,NULL,NULL,NULL),(2973,'wewewe','jaipur','9717323931','','',NULL,'','1',NULL,NULL,NULL,NULL,'Shubham Kumar',NULL,NULL,NULL,NULL,1,'Rajasthan','1222','','',NULL,NULL,NULL,NULL),(2974,'Airtel Limited','A-200, Okhla Phase III','8130506485','','SME Client: To: Less than 100 Cr.',50.00,'2019-08-27','1',NULL,NULL,NULL,NULL,'Bijender Kumar',NULL,NULL,NULL,NULL,1,'Delhi','06AVIUCD876','Priyanka Gaur','',NULL,NULL,NULL,100.00),(2975,'Vestige Marketing Pvt. Ltd','B-570, Main Road Bandra, Mumbai','9891910718','','Emerging Corporate: To: 100-500 Cr.',1000.00,'2019-08-27','1',NULL,200000,NULL,NULL,'Abhay Jain','B-570, Main Road Bandra, Mumbai,B-570, Main Road Bandra, Mumbai',NULL,NULL,NULL,1,'Maharashtra','09MHUJGT234','Ajay Bhardwaj','',NULL,NULL,NULL,100.00),(2976,'AMBA SHAKTI UDYOG LTD','PLOT NO 44 & 47, A B ROAD, INDUSTRIAL AREA BANMORE, DISTT. MORENA, MADHYA PRADESH- 476444','01141576000','01140564779','SME Client: To: Less than 100 Cr.',0.00,'2018-08-01','1',NULL,50000000,NULL,NULL,'Priyanka Gaur','PLOT NO 44 &amp; 47, A B ROAD, INDUSTRIAL AREA BANMORE, DISTT. MORENA, MADHYA PRADESH- 476444,PLOT NO 4',NULL,NULL,NULL,1,'Madhya Pradesh','01236','Bijender Kumar','',NULL,NULL,NULL,NULL),(2977,'UTTARAKHAND ENGINEERING PRODUCTS PVT LTD','198/2, NORTH CIVIL LINES, MUZAFFARNAGAR, UP 251001','','','SME Client: To: Less than 100 Cr.',NULL,'2018-11-16','1',NULL,NULL,NULL,NULL,'Priyanka Gaur',NULL,NULL,NULL,NULL,1,'Uttar Pradesh','003456','Bijender Kumar','',NULL,NULL,NULL,NULL),(2978,'ENERSHELL ALLOYS AND STEEL PVT LTD','POSTAL ADDRESS:- KOTI ANTA GHAR\r\nNEAR HDFC BANK, CIVIL LINE BIJNOR - 246701 UP\r\n\r\n\r\n44th KM Stone, Noorpur Road Chandpur, Distt. Bijnor (U.P.)\r\n246725','9717169222','0100','SME Client: To: Less than 100 Cr.',NULL,'2018-02-14','1',NULL,NULL,NULL,NULL,'Abhay Jain',NULL,NULL,NULL,NULL,1,'Uttar Pradesh','01000','Abhay Jain','',NULL,NULL,NULL,NULL),(2979,'ENERSHELL ALLOYS AND STEEL PVT LTD','POSTAL ADDRESS:- KOTI ANTA GHAR\r\nNEAR HDFC BANK, CIVIL LINE BIJNOR - 246701 UP\r\n\r\n\r\n44th KM Stone, Noorpur Road Chandpur, Distt. Bijnor (U.P.)\r\n246725','9717169222','0100','SME Client: To: Less than 100 Cr.',NULL,'2018-02-14','1',NULL,NULL,NULL,NULL,'Abhay Jain',NULL,NULL,NULL,NULL,1,'Uttar Pradesh','01000','Abhay Jain','',NULL,NULL,NULL,NULL),(2980,'CHADHA PAPERS LTD','CHADHA PAPERS LTD','011','011','Mid Corporate: To: 500-1000 Cr.',2000.00,'2018-11-01','1',NULL,50000000,NULL,NULL,'Priyanka Gaur',NULL,NULL,NULL,NULL,1,'Delhi','0123','Bijender Kumar','',NULL,NULL,NULL,NULL),(2981,'VASUKI TRADE LINK PVT LTD','VASUKI TRADE LINK PVT LTD','0121','0121','Mid Corporate: To: 500-1000 Cr.',NULL,'2019-01-01','1',NULL,NULL,NULL,NULL,'Priyanka Gaur',NULL,NULL,NULL,NULL,1,'Delhi','0123446','Bijender Kumar','',NULL,NULL,NULL,NULL),(2982,'Mantra Om','Sohna','9015386231','9876543256','Large Corporate: To- 1000 Cr.+',8888888.00,'2019-08-30','1',NULL,NULL,NULL,NULL,'Shubham Kumar',NULL,NULL,NULL,NULL,1,'Haryana','','Bijender Kumar','Annual Rate',9999999999.00,99999999.00,99999988.00,88888.00),(2983,'Konica Minolta India Limited','Plot No. 415, Udyog Vihar, Gurugram','01245678998','','SME Client: To: Less than 100 Cr.',100.00,'2019-08-30','1',NULL,NULL,NULL,NULL,'Bijender Kumar','Plot No. 415, Udyog Vihar, Gurugram,Plot No. 415, Udyog Vihar, Gurugram',NULL,NULL,NULL,1,'Haryana','07BCPDFAVIUCD876','Abhay Jain','',NULL,NULL,NULL,1000.00),(2984,'Trifin Information Technology Limited','Kundan House Building, 4th Floor, 16, Nehru Place','01123456789','','Emerging Corporate: To: 100-500 Cr.',1000.00,'2019-08-30','1',NULL,NULL,NULL,NULL,'Abhay Jain',NULL,NULL,NULL,NULL,1,'Delhi','06KHYTPMHUJGT234','Ajay Bhardwaj','',NULL,NULL,NULL,2000.00);
/*!40000 ALTER TABLE `client_master` ENABLE KEYS */;
UNLOCK TABLES;

--
-- Table structure for table `client_secondary_address`
--

DROP TABLE IF EXISTS `client_secondary_address`;
/*!40101 SET @saved_cs_client     = @@character_set_client */;
/*!40101 SET character_set_client = utf8 */;
CREATE TABLE `client_secondary_address` (
  `address_id` int(11) NOT NULL AUTO_INCREMENT,
  `client_id` int(11) NOT NULL,
  `ADDRESS` varchar(450) NOT NULL,
  `STATE` varchar(100) DEFAULT NULL,
  `GSTIN` varchar(100) DEFAULT NULL,
  `PHONE_NO` varchar(45) DEFAULT NULL,
  `FAX_NO` varchar(45) DEFAULT NULL,
  `ADDRESS_TYPE` varchar(45) DEFAULT NULL,
  PRIMARY KEY (`address_id`),
  UNIQUE KEY `address_id_UNIQUE` (`address_id`)
) ENGINE=InnoDB AUTO_INCREMENT=9 DEFAULT CHARSET=latin1;
/*!40101 SET character_set_client = @saved_cs_client */;

--
-- Dumping data for table `client_secondary_address`
--

LOCK TABLES `client_secondary_address` WRITE;
/*!40000 ALTER TABLE `client_secondary_address` DISABLE KEYS */;
INSERT INTO `client_secondary_address` VALUES (3,2917,'Gurgaon haryana','Haryana','123123124','9717323931','9717323931','Billing'),(4,2932,'SubashChowk ','Chandigarh','98765487','9015386231','98765432589','Billing'),(5,2930,'Delhi','Delhi','064578497579','9911820718','','Mailing'),(6,2934,'53, Chandigarh','Punjab','0564875874','9911820718','','Billing'),(7,2935,'C 4578','Arunachal Pradesh','0457871785244','989989898','','Billing'),(8,2951,'GN15, Karol Bagh','Delhi','07589456417','0112626315','','Billing');
/*!40000 ALTER TABLE `client_secondary_address` ENABLE KEYS */;
UNLOCK TABLES;

--
-- Table structure for table `currency_master`
--

DROP TABLE IF EXISTS `currency_master`;
/*!40101 SET @saved_cs_client     = @@character_set_client */;
/*!40101 SET character_set_client = utf8 */;
CREATE TABLE `currency_master` (
  `id` int(11) NOT NULL AUTO_INCREMENT,
  `currencyName` varchar(45) NOT NULL,
  `country` varchar(45) NOT NULL,
  `conversionRate` varchar(45) NOT NULL,
  PRIMARY KEY (`id`)
) ENGINE=InnoDB AUTO_INCREMENT=3 DEFAULT CHARSET=latin1;
/*!40101 SET character_set_client = @saved_cs_client */;

--
-- Dumping data for table `currency_master`
--

LOCK TABLES `currency_master` WRITE;
/*!40000 ALTER TABLE `currency_master` DISABLE KEYS */;
INSERT INTO `currency_master` VALUES (1,'INR','India','0'),(2,'DOLLARS','US','50');
/*!40000 ALTER TABLE `currency_master` ENABLE KEYS */;
UNLOCK TABLES;

--
-- Table structure for table `discounting_bank_details`
--

DROP TABLE IF EXISTS `discounting_bank_details`;
/*!40101 SET @saved_cs_client     = @@character_set_client */;
/*!40101 SET character_set_client = utf8 */;
CREATE TABLE `discounting_bank_details` (
  `bank_id` int(11) NOT NULL AUTO_INCREMENT,
  `bank_name` varchar(100) DEFAULT NULL,
  `branch` varchar(100) DEFAULT NULL,
  `alias` varchar(100) DEFAULT NULL,
  `bank_type` varchar(100) DEFAULT NULL,
  `address` varchar(300) DEFAULT NULL,
  `accountNo` varchar(100) DEFAULT NULL,
  `IFSC_code` varchar(100) DEFAULT NULL,
  `fax_no` varchar(45) DEFAULT NULL,
  PRIMARY KEY (`bank_id`)
) ENGINE=InnoDB AUTO_INCREMENT=1121 DEFAULT CHARSET=latin1;
/*!40101 SET character_set_client = @saved_cs_client */;

--
-- Dumping data for table `discounting_bank_details`
--

LOCK TABLES `discounting_bank_details` WRITE;
/*!40000 ALTER TABLE `discounting_bank_details` DISABLE KEYS */;
INSERT INTO `discounting_bank_details` VALUES (1066,'Wewewewe Bank','WE COLONY','WE BANK','Both','WE WORLD','000879767476','SIBL0000358','078987342349898'),(1067,'BANK OF MAHARASHTRA','GF-01-02, B BLOCK, TIME SQUARE, SECTOR ROAD, SUSHANT LOK-1, GURGAON, HARYANA','BOM, SUSHANT LOK, GURGAON','Both','GF-01-02, B BLOCK, TIME SQUARE, SECTOR ROAD, SUSHANT LOK-1, GURGAON, HARYANA','000','MAHB0001295','123'),(1068,'ORIENTAL BANK OF COMMERCE','SONEPAT ROAD, ROHTAK','OBC, SONEPAT ROAD, ROHTAK','Opening','MID CORPORATE BRANCH, 97, SONEPAT ROAD, ROHTAK - 124 001 ','','ORBC0100741',''),(1069,'THE SOUTH INDIAN BANK LTD','GURGAON','SIB ,GURGAON - SECTOR - 31 ','Discounting','GURGAON BRANCH, SCO NO.97,SECTOR - 31 ,GURGAON , HARYANA , PIN-122001','0419256000000022','SIBL0000419','06AABCT0022F1Z2'),(1070,'HDFC BANK LTD','KG MARG, NEW DELHI','HDFC, KG MARG','Opening','KAILASH BUILDING, 28, KASTURBA GANDHI MARG, NEW DELHI - 110001','0030920001475','HDFC0000003',''),(1071,'WOORI BANK','MG ROAD, SEC-S28 GURGAON','WOORI BANK SEC-S28','Both','1ST FLR A BLOCK SALCON PLATINA BUILDING DLF PHASE 1 SIKHANDERPUR','00000','HDFC1234','123456'),(1072,'Test','Gurugram','Test DLF','Both','DLF Corporate Park','0660123456','0123456','06123456789'),(1073,'Nainital Bank','Uttarakhand','NANI12','Discounting','C-1, Uttarakhand','6600121234','A123456789','012346874'),(1074,'Uttarakhand Bank','New Uttarakhand','UA','Both','G-41, Uttarakhand','7784589','9876543','8978458'),(1075,'Secure Bank','AAA','secure','Opening','Gurugram - 122001','01246678','123456','123456789'),(1076,'Internet Bank','BBB','Internet1','Discounting','Delhi - 110016','6897554','3254871212','987654321'),(1077,'qewrwer','qweqwe','qweqew','Both','qweqweq','13123123','we','123456'),(1079,'UK Bank','Dehradun','UK','Both','B/59, Dehradun, Uttarakhand','325457897','UKB00001','08123466789'),(1080,'Delhi Bank','Karol Bagh','DEL','Both','Teg Bahadur Road, Karol Bagh, New Delhi','06600265487','DEL00006','07123654789'),(1081,'HDFC','Sector 63','Bank HDFC','Opening','Subash','9876543298','968po','08696140095'),(1082,'                  ','             ','              ','Opening','                                    ','','                          ','                              '),(1083,'Public Bank','GGN','PB','Opening','DLF Phase - 3','00548478977','PUB0123456','071245789847'),(1084,'Central Bank','Delhi','CB','Both','East of Delhi','001330042157','01245678911','0798659478'),(1085,'State Bank of India','Chennai','SBI','Both','B - 101, Chennai','31548748747','SBI000001','0968521784'),(1086,'United Bank of India','Rajouri Garden','UBI','Both','GB-14, Rajouri Garden, New Delhi','586488798447','UBI00000123','0789584578'),(1087,'Bollywood Bank','Mumbai','Bolly','Opening','Bandra, Mumbai','5868597847','bolly0123456','98989898988'),(1088,'Hollywood Bank','Londan','Holly','Opening','Londan USA','9857845246','Holly0123456789','897485678947'),(1089,'PUNJAB NATIONAL BANK','DEHRADUN ','PNB, KARANPUR, DEHRADUN','Opening','NEAR BANSAL MARKET, KARANPUR DEHRADUN, UTTRAKHAND - 248001','','PUNB0061600',''),(1090,'UCO BANK','PARLIAMNET STREET','UCO, RETAIL','Discounting','5, PARLIAMENT STREET, NEW DELHI - 110001','0','UCBA0000120',''),(1091,'STATE BANK OF INDIA ','KAROL BAGH, PUSA ROAD','SBI, PUSA ROAD','Opening','COMMERCIAL BRANCH, 20/34, PUSA ROAD, 2ND FLOOR, KAROL BAGH, NEW DELHI 110005','','',''),(1092,'THE SOUTH INDIAN BANK LTD SIB CRP 1','CR PARK','SIB, CR Park -1','Discounting','B-103, CHITRANJAN PARK, NEW DELHI - 110019','0358256000000021','SIBL0000358',''),(1093,'BANK OF BARODA','M.I.ROAD, JAIPUR','BOB, M.I.ROAD, JAIPUR','Opening','P.B.NO.9,BOMBAY HOUSE,M.I.ROAD,JAIPUR 302001','','BARB0MIROAD','0'),(1094,'THE SARASWAT CO-OPERATIVE BANK LTD','LAJPAT NAGAR, NEW DELHI ','SARASWAT, LAJPAT NAGAR','Both','20A, RING ROAD, LAJPAT NAGAR-4, NEW DELHI 110 024 ','','SRCB0000230','07AABAT4497Q2ZL'),(1095,'icici','Nathupur','Shubham ','Opening','dlf phase 3','2356478952','icic0008654','fhf12456358'),(1096,'CSC Bank','New Delhi','CSC','Opening','CP, New Delhi','006452878','CSC000123','07981715786141'),(1097,'E District Bank','Gurugram','District','Discounting','DLF Phase - 3, Gurugram, Haryana','0032568797','Edistrict00123456','06984578459'),(1098,'United Bank ','Noida Agra','UT','Opening','Sectore 16, Noida','04579415776','UTI098748','02457841711'),(1099,'Central Bank','Chandigarh','CB','Discounting','Main city, Chandigarh, Punjab','24579411791677','CB0124578','589748574'),(1100,'State Bank of Rajasthan','Bikaner','SBR','Both','Pratap Chowk, Bikaner, Rajasthan','03548678451','SBR0123456','08AAC14787'),(1101,'kotak Bank','New Delhi','Kodak','Discounting','501, Indraprakash building, New Delhi','05487956487512','KKBK0000261','07AC4247857'),(1102,'ORIENTAL BANK OF COMMERCE','LUCKNOW','OBC, LUCKNOW','Both','GOMTI NAGAR, LUCKNOW','','','1234567890'),(1103,'SHINHAN BANK','SOUTH EXT','SHINHAN','Discounting','SOUTH EXT, PART-1','','','232323223'),(1104,'BANK OF BARODA','AGRA','BOB, MG ROAD, AGRA','Opening','13, MAHATMA GANDHI ROAD, AGRA-282001','','',''),(1105,'Bank of Faridabad','Sector 31, Faridabad','FDB','Opening','Sector 31, Faridabad','3215467998577','FDB00123456','0684A54897'),(1106,'Bank of Mumbai','Bandara','MUM','Discounting','Main Road, Bandara, Mumbai','2546789524177','MUM123456','027BDFS0456789'),(1107,'VIJAYA BANK','NEW KRISHNA PARK','VIJAYA, NEW KRISHNA PARK','Opening','B-25, TILAK NAGAR POST, NEW KRISHNA PARK, NEW DELHI - 110018 ','','',''),(1108,'AXIS BANK LTD','AXIS BANK, SECTOR -14, GURGAON','AXIS, SEC - 14, GURGAON','Opening','SCO - 29, SECTOR - 14, NEAR HUDA OFFICE, OLD DELHI - GURGAON ROAD, GURGAON, HARYANA - 122 001','','UTIB0000056',''),(1109,'THE SOUTH INDIAN BANK LTD','C R PARK, DELHI','SIB, CRP','Discounting','B-103, CHITRANJAN PARK, NEW DELHI - 110019','0358256000000021','SIBL0000358','07AABCT0022F2ZZ'),(1110,'Chaina Bank','Chandigarh','Chaina','Opening','Main Raod, Punchkula','011234152878','Chaina0123456','04689754874'),(1111,'Axis Bank Limited','Sikander Pur','Axis Bank GGN','Discounting','Sikandar Pur, GGN','064457944774477','Axis69845784','06802A14577'),(1112,'INDUSIND BANK LTD','DR. GOPALDAS BHAWAN, 28, BARAKHAMBA ROAD, NEW DELHI - 110001','INDUSIND DR GD BHAWAN ND','Opening','DR. GOPALDAS BHAWAN, 28, BARAKHAMBA ROAD, NEW DELHI - 110001','0000','INDU','07AABCT0022F2ZZ'),(1113,'UCO BANK RET','RETAIL BRANCH, 5 PARLIAMENT STREET, NEW DELHI 110 001','UCO RETAIL','Discounting','RETAIL BRANCH, 5 PARLIAMENT STREET, NEW DELHI 110 001','00001','UCBA0000120','07AABCT0022F'),(1114,'UTI Bank Limited','Rajouri Garden New Delhi','UTI','Opening','GN 14, Rajouri Garden','06676549877','UTI109676555','06DFRGG00254'),(1115,'Urban Bank Limited','Dehradun','Urban','Discounting','C-59, Rajpura Road, Dehradun','00765687656','Urb0123675','05CFGBHUTR78'),(1116,'ORIENTAL BANK OF COMMERCE','13 B, NEW MANDI, MUZAFFAR NAGAR, UTTAR PRADESH, 251001, INDIA','OBC UP','Opening','13 B, NEW MANDI, MUZAFFAR NAGAR, UTTAR PRADESH, 251001, INDIA','','012019','0545'),(1117,'SIB BANK','CR PARK','SIB CR PARK BANK','Discounting','CR PARK ND','000358','SIBL0000358','0123458U8'),(1118,'STATE BANK OF INDIA','ALIGARH','SBI ALIGARH','Opening','SME BRANCH, SAMAD ROAD, NEAR GHANTA GHAR, ALIGARH, UP  202 001','0128878','SBIN0000418','110569202'),(1119,'Federal Bank','Chandani Chowk, Delhi','FB','Opening','350, Chandani Chowk, Delhi','102877937478834','FB0034783345TY','06AGBTYGG00254'),(1120,'Bank of India','HARIDWAR','BOI','Discounting','B-570, Main Delhi-Dehradun Road, Haridwar','20987654566','BOI76709TRY','0589976HYTHUTR78');
/*!40000 ALTER TABLE `discounting_bank_details` ENABLE KEYS */;
UNLOCK TABLES;

--
-- Table structure for table `document_details`
--

DROP TABLE IF EXISTS `document_details`;
/*!40101 SET @saved_cs_client     = @@character_set_client */;
/*!40101 SET character_set_client = utf8 */;
CREATE TABLE `document_details` (
  `doc_id` int(11) NOT NULL AUTO_INCREMENT,
  `file_name` varchar(200) DEFAULT NULL,
  `file_path` varchar(500) DEFAULT NULL,
  `tx_id` int(15) DEFAULT NULL,
  `uploaded_by` int(11) DEFAULT NULL,
  `updated_by` int(11) DEFAULT NULL,
  `updated_on` datetime DEFAULT NULL,
  `client_id` int(11) DEFAULT NULL,
  `uploaded_on` datetime DEFAULT NULL,
  PRIMARY KEY (`doc_id`),
  KEY `FK_tx_id_tx_master` (`tx_id`),
  KEY `FK_uploader_id_user_details` (`uploaded_by`),
  KEY `FK_updater_id_user_details` (`updated_by`),
  KEY `FC_tx_id_tx_master` (`tx_id`),
  KEY `FC_uploader_id_user_detail` (`uploaded_by`),
  KEY `FC_updater_id_user_detail` (`updated_by`),
  KEY `client_id` (`client_id`),
  CONSTRAINT `` FOREIGN KEY (`client_id`) REFERENCES `client_master` (`clientId`) ON DELETE NO ACTION ON UPDATE NO ACTION,
  CONSTRAINT `FC_tx_id_tx_master` FOREIGN KEY (`tx_id`) REFERENCES `ilc_tx_master` (`tx_id`) ON DELETE NO ACTION ON UPDATE NO ACTION,
  CONSTRAINT `FC_updater_id_user_detail` FOREIGN KEY (`updated_by`) REFERENCES `ilc_user_details` (`user_id`) ON DELETE NO ACTION ON UPDATE NO ACTION,
  CONSTRAINT `FC_uploader_id_user_detail` FOREIGN KEY (`uploaded_by`) REFERENCES `ilc_user_details` (`user_id`) ON DELETE NO ACTION ON UPDATE NO ACTION
) ENGINE=InnoDB AUTO_INCREMENT=89462 DEFAULT CHARSET=latin1;
/*!40101 SET character_set_client = @saved_cs_client */;

--
-- Dumping data for table `document_details`
--

LOCK TABLES `document_details` WRITE;
/*!40000 ALTER TABLE `document_details` DISABLE KEYS */;
INSERT INTO `document_details` VALUES (89364,'2019-05-31-BOM, SUSHANT LOK, GURGAON-SHREE BALAJI ALUMNICAST PVT LTD-140727_ISODoc.pdf','/home/orange/CRMData/PDF_DataBackup/ILC/Operations/ISODocs/140727/',140727,43,NULL,'2019-08-04 22:51:02',NULL,'2019-08-04 22:51:02'),(89366,'2019-07-13-CB-Delta Limited-140865_ISODoc.pdf','/home/orange/CRMData/PDF_DataBackup/ILC/Operations/ISODocs/140865/',140865,36,NULL,'2019-07-31 17:43:06',NULL,'2019-07-31 17:43:06'),(89367,'null-CB-Delta Limited-140867_ISODoc.pdf','/home/orange/CRMData/PDF_DataBackup/ILC/Operations/ISODocs/140867/',140867,NULL,NULL,'2019-08-02 16:47:19',NULL,'2019-08-02 16:47:19'),(89368,'2019-08-31-CB-Delta Limited-140867_ISODoc.pdf','/home/orange/CRMData/PDF_DataBackup/ILC/Operations/ISODocs/140867/',140867,NULL,NULL,'2019-08-03 15:15:15',NULL,'2019-08-03 15:15:15'),(89369,'null-CB-GPN Systems-140888_ISODoc.pdf','/home/orange/CRMData/PDF_DataBackup/ILC/Operations/ISODocs/140888/',140888,NULL,NULL,'2019-08-05 16:39:16',NULL,'2019-08-05 16:39:16'),(89370,'2019-07-06-Test DLF-Dehradun Ltd-140821_ISODoc.pdf','/home/orange/CRMData/PDF_DataBackup/ILC/Operations/ISODocs/140821/',140821,NULL,NULL,'2019-08-04 22:50:10',NULL,'2019-08-04 22:50:10'),(89371,'null-Test DLF-Dehradun Ltd-140823_ISODoc.pdf','/home/orange/CRMData/PDF_DataBackup/ILC/Operations/ISODocs/140823/',140823,NULL,NULL,'2019-08-05 09:57:02',NULL,'2019-08-05 09:57:02'),(89372,'null-Test DLF-ICPL-140909_ISODoc.pdf','/home/orange/CRMData/PDF_DataBackup/ILC/Operations/ISODocs/140909/',140909,NULL,NULL,'2019-08-20 13:43:31',NULL,'2019-08-20 13:43:31'),(89373,'Delta Limited_03-08-2019_100.00_Report.pdf','/home/orange/CRMData/PDF_DataBackup/ILC/Operations/CostAdvice/140867/',140867,NULL,NULL,'2019-08-03 15:15:15',NULL,'2019-08-03 15:15:15'),(89374,'Dehradun Ltd_09-09-2018_100.00_Report.pdf','/home/orange/CRMData/PDF_DataBackup/ILC/Operations/CostAdvice/140823/',140823,NULL,NULL,'2019-08-05 09:57:08',NULL,'2019-08-05 09:57:08'),(89375,'Dehradun Ltd_03-07-2019_100000.00_Report.pdf','/home/orange/CRMData/PDF_DataBackup/ILC/Operations/CostAdvice/140821/',140821,NULL,NULL,'2019-08-04 22:50:15',NULL,'2019-08-04 22:50:15'),(89376,'SHREE BALAJI ALUMNICAST PVT LTD_22-05-2019_2503.84_Report.pdf','/home/orange/CRMData/PDF_DataBackup/ILC/Operations/CostAdvice/140727/',140727,NULL,NULL,'2019-08-04 22:51:07',NULL,'2019-08-04 22:51:07'),(89377,'2019-07-30-CB-GPN Systems-140870_ISODoc.pdf','/home/orange/CRMData/PDF_DataBackup/ILC/Operations/ISODocs/140870/',140870,NULL,NULL,'2019-08-05 09:56:46',NULL,'2019-08-05 09:56:46'),(89378,'GPN Systems_17-07-2019_100.00_Report.pdf','/home/orange/CRMData/PDF_DataBackup/ILC/Operations/CostAdvice/140870/',140870,NULL,NULL,'2019-08-05 09:56:51',NULL,'2019-08-05 09:56:51'),(89379,'GPN Systems_09-09-2018_100.00_Report.pdf','/home/orange/CRMData/PDF_DataBackup/ILC/Operations/CostAdvice/140888/',140888,NULL,NULL,'2019-08-05 16:39:22',NULL,'2019-08-05 16:39:22'),(89380,'2019-07-09-WE BANK-Facebook Limited-140802_ISODoc.pdf','/home/orange/CRMData/PDF_DataBackup/ILC/Operations/ISODocs/140802/',140802,NULL,NULL,'2019-08-06 12:02:10',NULL,'2019-08-06 12:02:10'),(89381,'Facebook Limited_02-07-2019_100.00_Report.pdf','/home/orange/CRMData/PDF_DataBackup/ILC/Operations/CostAdvice/140802/',140802,NULL,NULL,'2019-08-06 12:02:16',NULL,'2019-08-06 12:02:16'),(89382,'2019-09-20-SBR-Seagate Limited-140995_ISODoc.pdf','/home/orange/CRMData/PDF_DataBackup/ILC/Operations/ISODocs/140995/',140995,NULL,NULL,'2019-08-07 17:57:54',NULL,'2019-08-07 17:57:54'),(89383,'Seagate Limited_10-08-2019_100000.00_Report.pdf','/home/orange/CRMData/PDF_DataBackup/ILC/Operations/CostAdvice/140995/',140995,NULL,NULL,'2019-08-07 17:57:59',NULL,'2019-08-07 17:57:59'),(89384,'Amazon Azure Google Cloud.pdf','/home/orange/CRMData/PDF_DataBackup/ILC/OtherDocs/140909/',140909,NULL,NULL,'2019-08-08 11:45:55',NULL,'2019-08-08 11:45:55'),(89385,'null-SBR-Seagate Limited-140996_ISODoc.pdf','/home/orange/CRMData/PDF_DataBackup/ILC/Operations/ISODocs/140996/',140996,NULL,NULL,'2019-08-10 14:52:47',NULL,'2019-08-10 14:52:47'),(89386,'2019-07-01-Test DLF-Dehradun Ltd-140821_ISODoc.pdf','/home/orange/CRMData/PDF_DataBackup/ILC/Operations/ISODocs/140821/',140821,NULL,NULL,'2019-08-10 14:52:27',NULL,'2019-08-10 14:52:27'),(89387,'2019-09-19-CB-Delta Limited-140865_ISODoc.pdf','/home/orange/CRMData/PDF_DataBackup/ILC/Operations/ISODocs/140865/',140865,NULL,NULL,'2019-08-13 10:44:18',NULL,'2019-08-13 10:44:18'),(89388,'null-WE BANK-Facebook Limited-140952_ISODoc.pdf','/home/orange/CRMData/PDF_DataBackup/ILC/Operations/ISODocs/140952/',140952,NULL,NULL,'2019-08-19 11:25:11',NULL,'2019-08-19 11:25:11'),(89389,'Dehradun Ltd_03-07-2019_90000.00_Report.pdf','/home/orange/CRMData/PDF_DataBackup/ILC/Operations/CostAdvice/140821/',140821,NULL,NULL,'2019-08-10 14:52:33',NULL,'2019-08-10 14:52:33'),(89390,'Seagate Limited_09-09-2018_100000.00_Report.pdf','/home/orange/CRMData/PDF_DataBackup/ILC/Operations/CostAdvice/140996/',140996,NULL,NULL,'2019-08-10 14:52:53',NULL,'2019-08-10 14:52:53'),(89391,'Cyberoam Console Guide.pdf','/home/orange/CRMData/PDF_DataBackup/ILC/OtherDocs/141014/',141014,NULL,NULL,'2019-08-11 15:57:18',NULL,'2019-08-11 15:57:18'),(89392,'2019-09-23-SBR-Intel Technology India PVT-141014_ISODoc.pdf','/home/orange/CRMData/PDF_DataBackup/ILC/Operations/ISODocs/141014/',141014,NULL,NULL,'2019-08-11 16:00:12',NULL,'2019-08-11 16:00:12'),(89393,'Intel Technology India PVT_12-08-2019_1000.00_Report.pdf','/home/orange/CRMData/PDF_DataBackup/ILC/Operations/CostAdvice/141014/',141014,NULL,NULL,'2019-08-11 16:00:17',NULL,'2019-08-11 16:00:17'),(89394,'Delta Limited_15-07-2019_100.00_Report.pdf','/home/orange/CRMData/PDF_DataBackup/ILC/Operations/CostAdvice/140865/',140865,NULL,NULL,'2019-08-13 10:44:25',NULL,'2019-08-13 10:44:25'),(89395,'VISION DISTRIBUTION - MAGICON IMPEX - OBC CONNAUGHT PLACE - SIB GZB - RS 1,58,91,721.00.pdf','/home/orange/CRMData/PDF_DataBackup/ILC/OtherDocs/141024/',141024,NULL,NULL,'2019-08-13 11:59:29',NULL,'2019-08-13 11:59:29'),(89396,'2019-09-13-SIB, CRP-RDS PROJECT LTD-141024_ISODoc.pdf','/home/orange/CRMData/PDF_DataBackup/ILC/Operations/ISODocs/141024/',141024,NULL,NULL,'2019-08-13 12:01:38',NULL,'2019-08-13 12:01:38'),(89397,'RDS PROJECT LTD_13-08-2019_10000.00_Report.pdf','/home/orange/CRMData/PDF_DataBackup/ILC/Operations/CostAdvice/141024/',141024,NULL,NULL,'2019-08-13 12:01:46',NULL,'2019-08-13 12:01:46'),(89398,'024b_L3 Switch_Brochure.pdf','/home/orange/CRMData/PDF_DataBackup/ILC/OtherDocs/140913/',140913,NULL,NULL,'2019-08-14 12:20:03',NULL,'2019-08-14 12:20:03'),(89399,'2019-09-30-SIB ,GURGAON - SECTOR - 31 -Intel Technology India PVT-140877_ISODoc.pdf','/home/orange/CRMData/PDF_DataBackup/ILC/Operations/ISODocs/140877/',140877,NULL,NULL,'2019-08-16 11:20:04',NULL,'2019-08-16 11:20:04'),(89400,'Intel Technology India PVT_17-08-2019_10000.00_Report.pdf','/home/orange/CRMData/PDF_DataBackup/ILC/Operations/CostAdvice/140877/',140877,NULL,NULL,'2019-08-16 11:20:11',NULL,'2019-08-16 11:20:11'),(89401,'2019-10-31-Test DLF-ICPL-140791_ISODoc.pdf','/home/orange/CRMData/PDF_DataBackup/ILC/Operations/ISODocs/140791/',140791,NULL,NULL,'2019-08-16 22:13:22',NULL,'2019-08-16 22:13:22'),(89402,'ICPL_07-08-2019_1000.00_Report.pdf','/home/orange/CRMData/PDF_DataBackup/ILC/Operations/CostAdvice/140791/',140791,NULL,NULL,'2019-08-16 22:13:30',NULL,'2019-08-16 22:13:30'),(89403,'2019-10-02-MUM-BJ Infrastructure-141038_ISODoc.pdf','/home/orange/CRMData/PDF_DataBackup/ILC/Operations/ISODocs/141038/',141038,NULL,NULL,'2019-08-17 13:25:51',NULL,'2019-08-17 13:25:51'),(89404,'BJ Infrastructure_19-08-2019_500.00_Report.pdf','/home/orange/CRMData/PDF_DataBackup/ILC/Operations/CostAdvice/141038/',141038,NULL,NULL,'2019-08-17 13:25:57',NULL,'2019-08-17 13:25:57'),(89405,'Facebook Limited_09-09-2018_100.00_Report.pdf','/home/orange/CRMData/PDF_DataBackup/ILC/Operations/CostAdvice/140952/',140952,NULL,NULL,'2019-08-19 11:25:18',NULL,'2019-08-19 11:25:18'),(89406,'2019-10-16-qweqew-Facebook Limited-140798_ISODoc.pdf','/home/orange/CRMData/PDF_DataBackup/ILC/Operations/ISODocs/140798/',140798,NULL,NULL,'2019-08-19 15:26:00',NULL,'2019-08-19 15:26:00'),(89407,'Facebook Limited_21-08-2019_100.00_Report.pdf','/home/orange/CRMData/PDF_DataBackup/ILC/Operations/CostAdvice/140798/',140798,NULL,NULL,'2019-08-19 15:26:07',NULL,'2019-08-19 15:26:07'),(89408,'2019-09-19-SIB, CRP-RADHIKA EXPORTS CORPORATION-141000_ISODoc.pdf','/home/orange/CRMData/PDF_DataBackup/ILC/Operations/ISODocs/141000/',141000,NULL,NULL,'2019-08-19 16:17:14',NULL,'2019-08-19 16:17:14'),(89409,'RADHIKA EXPORTS CORPORATION_19-08-2019_1118404.00_Report.pdf','/home/orange/CRMData/PDF_DataBackup/ILC/Operations/CostAdvice/141000/',141000,NULL,NULL,'2019-08-19 16:17:21',NULL,'2019-08-19 16:17:21'),(89410,'2019-10-19-Test DLF-ICPL-141051_ISODoc.pdf','/home/orange/CRMData/PDF_DataBackup/ILC/Operations/ISODocs/141051/',141051,NULL,NULL,'2019-08-19 17:41:37',NULL,'2019-08-19 17:41:37'),(89411,'ICPL_20-08-2019_298900.00_Report.pdf','/home/orange/CRMData/PDF_DataBackup/ILC/Operations/CostAdvice/141051/',141051,NULL,NULL,'2019-08-19 17:41:44',NULL,'2019-08-19 17:41:44'),(89412,'2019-11-26-SIB, CR Park-PRECON TECHNOLOGY AND CASTING LTD-141053_ISODoc.pdf','/home/orange/CRMData/PDF_DataBackup/ILC/Operations/ISODocs/141053/',141053,NULL,NULL,'2019-08-20 13:13:51',NULL,'2019-08-20 13:13:51'),(89413,'PRECON TECHNOLOGY AND CASTING LTD_20-08-2019_556845.00_Report.pdf','/home/orange/CRMData/PDF_DataBackup/ILC/Operations/CostAdvice/141053/',141053,NULL,NULL,'2019-08-20 13:13:58',NULL,'2019-08-20 13:13:58'),(89414,'ICPL_09-09-2018_1000.00_Report.pdf','/home/orange/CRMData/PDF_DataBackup/ILC/Operations/CostAdvice/140909/',140909,NULL,NULL,'2019-08-20 13:43:38',NULL,'2019-08-20 13:43:38'),(89415,'2019-10-30-SIB, CR Park-Synology-141057_ISODoc.pdf','/home/orange/CRMData/PDF_DataBackup/ILC/Operations/ISODocs/141057/',141057,NULL,NULL,'2019-08-20 13:50:37',NULL,'2019-08-20 13:50:37'),(89416,'Synology_21-08-2019_501.00_Report.pdf','/home/orange/CRMData/PDF_DataBackup/ILC/Operations/CostAdvice/141057/',141057,NULL,NULL,'2019-08-20 13:50:43',NULL,'2019-08-20 13:50:43'),(89417,'2020-08-20-SIB ,GURGAON - SECTOR - 31 -Synology-141059_ISODoc.pdf','/home/orange/CRMData/PDF_DataBackup/ILC/Operations/ISODocs/141059/',141059,NULL,NULL,'2019-08-20 14:09:53',NULL,'2019-08-20 14:09:53'),(89418,'Synology_20-08-2019_201.00_Report.pdf','/home/orange/CRMData/PDF_DataBackup/ILC/Operations/CostAdvice/141059/',141059,NULL,NULL,'2019-08-20 14:10:00',NULL,'2019-08-20 14:10:00'),(89419,'2019-10-31-WE BANK-Advanced Info-141061_ISODoc.pdf','/home/orange/CRMData/PDF_DataBackup/ILC/Operations/ISODocs/141061/',141061,NULL,NULL,'2019-08-21 10:24:37',NULL,'2019-08-21 10:24:37'),(89420,'Advanced Info_22-08-2019_1000.00_Report.pdf','/home/orange/CRMData/PDF_DataBackup/ILC/Operations/CostAdvice/141061/',141061,NULL,NULL,'2019-08-21 10:24:43',NULL,'2019-08-21 10:24:43'),(89421,'2019-10-30-Axis Bank GGN-Bosch Speakers-141063_ISODoc.pdf','/home/orange/CRMData/PDF_DataBackup/ILC/Operations/ISODocs/141063/',141063,NULL,NULL,'2019-08-22 13:26:56',NULL,'2019-08-22 13:26:56'),(89422,'Bosch Speakers_23-08-2019_10000.00_Report.pdf','/home/orange/CRMData/PDF_DataBackup/ILC/Operations/CostAdvice/141063/',141063,NULL,NULL,'2019-08-22 13:27:02',NULL,'2019-08-22 13:27:02'),(89423,'2019-10-13-SIB, CR Park-RADHIKA EXPORTS CORPORATION-140903_ISODoc.pdf','/home/orange/CRMData/PDF_DataBackup/ILC/Operations/ISODocs/140903/',140903,NULL,NULL,'2019-08-22 17:22:53',NULL,'2019-08-22 17:22:53'),(89424,'RADHIKA EXPORTS CORPORATION_02-08-2019_1118404.00_Report.pdf','/home/orange/CRMData/PDF_DataBackup/ILC/Operations/CostAdvice/140903/',140903,NULL,NULL,'2019-08-22 17:23:00',NULL,'2019-08-22 17:23:00'),(89425,'2019-11-22-Axis Bank GGN-Moser Baer-141066_ISODoc.pdf','/home/orange/CRMData/PDF_DataBackup/ILC/Operations/ISODocs/141066/',141066,NULL,NULL,'2019-08-22 17:34:13',NULL,'2019-08-22 17:34:13'),(89426,'Moser Baer_22-08-2019_50000.00_Report.pdf','/home/orange/CRMData/PDF_DataBackup/ILC/Operations/CostAdvice/141066/',141066,NULL,NULL,'2019-08-22 17:34:19',NULL,'2019-08-22 17:34:19'),(89427,'2019-10-20-SBI-Microsoft Limited-141029_ISODoc.pdf','/home/orange/CRMData/PDF_DataBackup/ILC/Operations/ISODocs/141029/',141029,NULL,NULL,'2019-08-23 11:43:03',NULL,'2019-08-23 11:43:03'),(89428,'Microsoft Limited_20-08-2019_1000.00_Report.pdf','/home/orange/CRMData/PDF_DataBackup/ILC/Operations/CostAdvice/141029/',141029,NULL,NULL,'2019-08-23 11:43:10',NULL,'2019-08-23 11:43:10'),(89429,'2019-07-24-UCO RETAIL-PSR METALS PVT LTD-141069_ISODoc.pdf','/home/orange/CRMData/PDF_DataBackup/ILC/Operations/ISODocs/141069/',141069,NULL,NULL,'2019-08-23 13:02:49',NULL,'2019-08-23 13:02:49'),(89430,'PSR METALS PVT LTD_30-05-2019_1945079.00_Report.pdf','/home/orange/CRMData/PDF_DataBackup/ILC/Operations/CostAdvice/141069/',141069,NULL,NULL,'2019-08-23 13:02:55',NULL,'2019-08-23 13:02:55'),(89431,'2019-10-15-SIB, CR Park-RDS PROJECT LTD-141030_ISODoc.pdf','/home/orange/CRMData/PDF_DataBackup/ILC/Operations/ISODocs/141030/',141030,NULL,NULL,'2019-08-23 13:21:05',NULL,'2019-08-23 13:21:05'),(89432,'RDS PROJECT LTD_13-08-2019_200000.00_Report.pdf','/home/orange/CRMData/PDF_DataBackup/ILC/Operations/CostAdvice/141030/',141030,NULL,NULL,'2019-08-23 13:21:13',NULL,'2019-08-23 13:21:13'),(89433,'2019-05-23-Test DLF-ICPL-140760_ISODoc.pdf','/home/orange/CRMData/PDF_DataBackup/ILC/Operations/ISODocs/140760/',140760,NULL,NULL,'2019-08-27 15:43:37',NULL,'2019-08-27 15:43:37'),(89434,'ICPL_09-09-2018_200000.00_Report.pdf','/home/orange/CRMData/PDF_DataBackup/ILC/Operations/CostAdvice/140760/',140760,NULL,NULL,'2019-08-27 15:43:44',NULL,'2019-08-27 15:43:44'),(89435,'2021-08-27-SBR-Intel Technology India PVT-141015_ISODoc.pdf','/home/orange/CRMData/PDF_DataBackup/ILC/Operations/ISODocs/141015/',141015,NULL,NULL,'2019-08-27 19:10:10',NULL,'2019-08-27 19:10:10'),(89436,'Intel Technology India PVT_27-08-2019_1000.00_Report.pdf','/home/orange/CRMData/PDF_DataBackup/ILC/Operations/CostAdvice/141015/',141015,NULL,NULL,'2019-08-27 19:10:16',NULL,'2019-08-27 19:10:16'),(89437,'null-qweqew-Facebook Limited-141044_ISODoc.pdf','/home/orange/CRMData/PDF_DataBackup/ILC/Operations/ISODocs/141044/',141044,NULL,NULL,'2019-08-27 19:18:38',NULL,'2019-08-27 19:18:38'),(89438,'Facebook Limited_09-09-2018_100.00_Report.pdf','/home/orange/CRMData/PDF_DataBackup/ILC/Operations/CostAdvice/141044/',141044,NULL,NULL,'2019-08-27 19:18:45',NULL,'2019-08-27 19:18:45'),(89439,'2019-10-21-Urban-Airtel Limited-141079_ISODoc.pdf','/home/orange/CRMData/PDF_DataBackup/ILC/Operations/ISODocs/141079/',141079,NULL,NULL,'2019-08-27 23:28:10',NULL,'2019-08-27 23:28:10'),(89440,'Airtel Limited_28-08-2019_10000.00_Report.pdf','/home/orange/CRMData/PDF_DataBackup/ILC/Operations/CostAdvice/141079/',141079,NULL,NULL,'2019-08-27 23:28:19',NULL,'2019-08-27 23:28:19'),(89441,'2019-10-30-SIB ,GURGAON - SECTOR - 31 -Intel Technology India PVT-141032_ISODoc.pdf','/home/orange/CRMData/PDF_DataBackup/ILC/Operations/ISODocs/141032/',141032,NULL,NULL,'2019-08-28 14:06:00',NULL,'2019-08-28 14:06:00'),(89442,'Intel Technology India PVT_28-08-2019_100000.00_Report.pdf','/home/orange/CRMData/PDF_DataBackup/ILC/Operations/CostAdvice/141032/',141032,NULL,NULL,'2019-08-28 14:06:07',NULL,'2019-08-28 14:06:07'),(89443,'2019-08-23-SIB, CR Park -1-AMBA SHAKTI UDYOG LTD-141085_ISODoc.pdf','/home/orange/CRMData/PDF_DataBackup/ILC/Operations/ISODocs/141085/',141085,NULL,NULL,'2019-08-28 17:26:04',NULL,'2019-08-28 17:26:04'),(89444,'AMBA SHAKTI UDYOG LTD_29-05-2019_30619441.00_Report.pdf','/home/orange/CRMData/PDF_DataBackup/ILC/Operations/CostAdvice/141085/',141085,NULL,NULL,'2019-08-28 17:26:10',NULL,'2019-08-28 17:26:10'),(89445,'2019-06-30-SIB CR PARK BANK-CHADHA PAPERS LTD-141088_ISODoc.pdf','/home/orange/CRMData/PDF_DataBackup/ILC/Operations/ISODocs/141088/',141088,NULL,NULL,'2019-08-29 00:03:12',NULL,'2019-08-29 00:03:12'),(89446,'CHADHA PAPERS LTD_06-04-2019_3519973.00_Report.pdf','/home/orange/CRMData/PDF_DataBackup/ILC/Operations/CostAdvice/141088/',141088,NULL,NULL,'2019-08-29 00:03:19',NULL,'2019-08-29 00:03:19'),(89447,'2021-08-29-MUM-BJ Infrastructure-141039_ISODoc.pdf','/home/orange/CRMData/PDF_DataBackup/ILC/Operations/ISODocs/141039/',141039,NULL,NULL,'2019-08-29 12:23:28',NULL,'2019-08-29 12:23:28'),(89448,'BJ Infrastructure_29-08-2019_500.00_Report.pdf','/home/orange/CRMData/PDF_DataBackup/ILC/Operations/CostAdvice/141039/',141039,NULL,NULL,'2019-08-29 12:23:35',NULL,'2019-08-29 12:23:35'),(89449,'2020-08-29-OBC, LUCKNOW-DAGA TRADING CO. PVT LTD-141019_ISODoc.pdf','/home/orange/CRMData/PDF_DataBackup/ILC/Operations/ISODocs/141019/',141019,NULL,NULL,'2019-08-29 13:04:26',NULL,'2019-08-29 13:04:26'),(89450,'DAGA TRADING CO. PVT LTD_29-08-2019_100.00_Report.pdf','/home/orange/CRMData/PDF_DataBackup/ILC/Operations/CostAdvice/141019/',141019,NULL,NULL,'2019-08-29 13:04:33',NULL,'2019-08-29 13:04:33'),(89451,'2019-10-23-Urban-Vestige Marketing Pvt. Ltd-141096_ISODoc.pdf','/home/orange/CRMData/PDF_DataBackup/ILC/Operations/ISODocs/141096/',141096,NULL,NULL,'2019-08-30 15:07:06',NULL,'2019-08-30 15:07:06'),(89452,'Vestige Marketing Pvt. Ltd_31-08-2019_20000.00_Report.pdf','/home/orange/CRMData/PDF_DataBackup/ILC/Operations/CostAdvice/141096/',141096,NULL,NULL,'2019-08-30 22:47:34',NULL,'2019-08-30 22:47:34'),(89453,'null-Test DLF-Dehradun Ltd-140781_ISODoc.pdf','/home/orange/CRMData/PDF_DataBackup/ILC/Operations/ISODocs/140781/',140781,NULL,NULL,'2019-08-30 17:12:29',NULL,'2019-08-30 17:12:29'),(89454,'Dehradun Ltd_09-09-2018_900.00_Report.pdf','/home/orange/CRMData/PDF_DataBackup/ILC/Operations/CostAdvice/140781/',140781,NULL,NULL,'2019-08-30 17:12:36',NULL,'2019-08-30 17:12:36'),(89455,'2019-10-26-BOI-Konica Minolta India Limited-141104_ISODoc.pdf','/home/orange/CRMData/PDF_DataBackup/ILC/Operations/ISODocs/141104/',141104,NULL,NULL,'2019-08-30 22:26:55',NULL,'2019-08-30 22:26:55'),(89456,'Konica Minolta India Limited_02-09-2019_100000.00_Report.pdf','/home/orange/CRMData/PDF_DataBackup/ILC/Operations/CostAdvice/141104/',141104,NULL,NULL,'2019-08-30 22:27:02',NULL,'2019-08-30 22:27:02'),(89457,'Konica Minolta India Limited_02-09-2019_100000.00_Report.pdf','/home/orange/CRMData/PDF_DataBackup/ILC/Operations/MarginAdvice/141106/',141106,NULL,NULL,'2019-08-31 00:15:04',NULL,'2019-08-31 00:15:04'),(89458,'2019-10-23-BOI-Konica Minolta India Limited-141107_ISODoc.pdf','/home/orange/CRMData/PDF_DataBackup/ILC/Operations/ISODocs/141107/',141107,NULL,NULL,'2019-08-31 11:11:27',NULL,'2019-08-31 11:11:27'),(89459,'Konica Minolta India Limited_01-09-2019_200000.00_Report.pdf','/home/orange/CRMData/PDF_DataBackup/ILC/Operations/CostAdvice/141107/',141107,NULL,NULL,'2019-08-31 11:11:34',NULL,'2019-08-31 11:11:34'),(89460,'2019-10-24-BOI-Konica Minolta India Limited-141110_ISODoc.pdf','/home/orange/CRMData/PDF_DataBackup/ILC/Operations/ISODocs/141110/',141110,NULL,NULL,'2019-09-02 12:32:57',NULL,'2019-09-02 12:32:57'),(89461,'Konica Minolta India Limited_03-09-2019_100000.00_Report.pdf','/home/orange/CRMData/PDF_DataBackup/ILC/Operations/CostAdvice/141110/',141110,NULL,NULL,'2019-09-02 12:33:04',NULL,'2019-09-02 12:33:04');
/*!40000 ALTER TABLE `document_details` ENABLE KEYS */;
UNLOCK TABLES;

--
-- Table structure for table `ilc_bank_contacts`
--

DROP TABLE IF EXISTS `ilc_bank_contacts`;
/*!40101 SET @saved_cs_client     = @@character_set_client */;
/*!40101 SET character_set_client = utf8 */;
CREATE TABLE `ilc_bank_contacts` (
  `cantact_id` int(11) NOT NULL AUTO_INCREMENT,
  `contact_name` varchar(100) DEFAULT NULL,
  `designation` varchar(100) DEFAULT NULL,
  `mobile_no` varchar(100) DEFAULT NULL,
  `phone_no` varchar(50) DEFAULT NULL,
  `email` varchar(100) DEFAULT NULL,
  `isActive` char(1) DEFAULT NULL,
  `bank_id` int(11) DEFAULT NULL,
  PRIMARY KEY (`cantact_id`),
  KEY `FK_Bank_Id` (`bank_id`),
  CONSTRAINT `FK_Bank_Id` FOREIGN KEY (`bank_id`) REFERENCES `discounting_bank_details` (`bank_id`)
) ENGINE=InnoDB AUTO_INCREMENT=395 DEFAULT CHARSET=latin1;
/*!40101 SET character_set_client = @saved_cs_client */;

--
-- Dumping data for table `ilc_bank_contacts`
--

LOCK TABLES `ilc_bank_contacts` WRITE;
/*!40000 ALTER TABLE `ilc_bank_contacts` DISABLE KEYS */;
INSERT INTO `ilc_bank_contacts` VALUES (394,'xyz','RM','9717323931',NULL,'a@gmail.com','Y',1073);
/*!40000 ALTER TABLE `ilc_bank_contacts` ENABLE KEYS */;
UNLOCK TABLES;

--
-- Table structure for table `ilc_client_contacts`
--

DROP TABLE IF EXISTS `ilc_client_contacts`;
/*!40101 SET @saved_cs_client     = @@character_set_client */;
/*!40101 SET character_set_client = utf8 */;
CREATE TABLE `ilc_client_contacts` (
  `cantact_id` int(11) NOT NULL AUTO_INCREMENT,
  `contact_name` varchar(100) DEFAULT NULL,
  `designation` varchar(100) DEFAULT NULL,
  `mobile_no` varchar(50) DEFAULT NULL,
  `email` varchar(100) DEFAULT NULL,
  `isActive` char(1) DEFAULT NULL,
  `client_id` int(11) DEFAULT NULL,
  `emailNotify` varchar(45) DEFAULT NULL,
  PRIMARY KEY (`cantact_id`),
  KEY `FK_Client_Id` (`client_id`),
  CONSTRAINT `FK_Client_Id` FOREIGN KEY (`client_id`) REFERENCES `client_master` (`clientId`)
) ENGINE=InnoDB AUTO_INCREMENT=2774 DEFAULT CHARSET=latin1;
/*!40101 SET character_set_client = @saved_cs_client */;

--
-- Dumping data for table `ilc_client_contacts`
--

LOCK TABLES `ilc_client_contacts` WRITE;
/*!40000 ALTER TABLE `ilc_client_contacts` DISABLE KEYS */;
INSERT INTO `ilc_client_contacts` VALUES (2699,'RAJ KUMAR','SM','9818666969','LC@INVESTEURS.COM','Y',2914,'Y'),(2700,'AMIT','EX','9560288880','DTF.SERVICES@INVESTEURS.COM','Y',2914,'Y'),(2701,'BIJENDER','IT HOD','9891910718','BIJENDER.DHEMAN@INVESTEURS.COM','Y',2914,'Y'),(2702,'Amit','RM','9717323931','a@gmail.com','Y',2917,'Y'),(2703,'AMIT','EX','9560288880','DTF.SERVICES@INVESTEURS.COM','Y',2919,'Y'),(2704,'ASHISH','MANAGER','8860782834','ashish@investeurs.com','Y',2919,'Y'),(2705,'BD','HOD','9891910718','BIJENDER.DHEMAN@INVESTEURS.COM','Y',2919,'Y'),(2706,'Bijender','Manager IT','9891910718','bijender.dheman@investeurs.com','Y',2921,'Y'),(2707,'Bijender','Manager IT','9891910718','bijender.dheman@investeurs.com','Y',2922,'Y'),(2708,'Bijender','Manager IT','9891910718','bijender.dheman@investeurs.com','Y',2923,'Y'),(2709,'Harpreet','Ops Head','9910164264','harpreet@investeurs.com','Y',2923,'Y'),(2710,'Bijender','Manager IT','9891910718','bijender.dheman@investeurs.com','Y',2924,'Y'),(2711,'Bijender','Manager IT','09891910718','bijender.dheman@investeurs.com','Y',2925,'Y'),(2712,'Shubham','Engineer','8130506485','itsupport@investeurs.com','Y',2925,'Y'),(2713,'Bijender','Manager IT','09891910718','bijender.dheman@investeurs.com','Y',2926,'Y'),(2714,'arvind','RM','9015386231','arvind.thelotus02@gmail.com','Y',2927,'Y'),(2716,'Bijender Dheman','GM','9891910718','bijender.dheman@investeurs.com','Y',2930,'Y'),(2717,'Bijender Dheman','Manager IT','9891910718','bijender.dheman@investeurs.com','Y',2931,'Y'),(2718,'Tech','Tech','9911820718','bijender.dheman@gmail.com','Y',2931,'Y'),(2719,'Atif','TM','9015386231','atif@orangemantra.in','Y',2932,'Y'),(2720,'Atif','TM','9015386231','atif@orangemantra.in','Y',2933,'Y'),(2721,'Bijender Dheman','TL','9891910718','bijender.dheman@investeurs.com','Y',2934,'Y'),(2722,'Bijender Dheman','Tech','9891910718','bijender.dheman@investeurs.com','Y',2935,'Y'),(2723,'Bijender Dheman','Manager IT','9911820718','bijender.dheman@gmail.com','Y',2935,'Y'),(2724,'Bijender Dheman','Branch Head','9891910718','bijender.dheman@investeurs.com','Y',2936,'Y'),(2725,'Rajen Dutta','Director','9810119260','rajen@investeurs.com','Y',2937,'Y'),(2726,'Harpreet Kaur','Head of Ops','9910164269','harpreet@investeurs.com','Y',2937,'Y'),(2727,'Ashish Gupta','TL','8860782834','ashish@investeurs.com','Y',2937,'Y'),(2728,'Bijender Dheman','Tech','9911820718','bijender.dheman@investeurs.com','Y',2937,'Y'),(2729,'Rajen Dutta','Director','9810119260','rajen@investeurs.com','Y',2938,'Y'),(2730,'Harpreet Kaur','Head of Ops','9910164269','harpreet@investeurs.com','Y',2938,'Y'),(2731,'Ashish Gupta','TL','8860782834','ashish@investeurs.com','Y',2938,'Y'),(2732,'Bijender Dheman','Tech','9911820718','bijender.dheman@investeurs.com','Y',2938,'Y'),(2733,'Bijender Dheman','OPS','9891910718','bijender.dheman@investeurs.com','Y',2939,'Y'),(2734,'Neeraj','CFO','9911820718','bijender.dheman@investeurs.com','Y',2940,'Y'),(2735,'ISHIKA','RM','8630309844','ishika.jain@investeurs.com','Y',2941,'Y'),(2736,'ASHSISH','DM','8860782834','ashish@investeurs.com','Y',2941,'Y'),(2737,'HARPREET','HOD','9910164269','harpreet@investeurs.com','Y',2941,'Y'),(2738,'B DEEMAN','IT','9891910718','bijender.dheman@investeurs.com','Y',2941,'Y'),(2739,'Harpreet','GM','9910164269','harpreet@investeurs.com','Y',2943,'Y'),(2740,'ASHISH','DM','8860782834','ashish@investeurs.com','Y',2947,'Y'),(2741,'HARPREET','HOD','9910164269','harpreet@investeurs.com','Y',2947,'Y'),(2742,'AMIT','AM','9560288880','DTF.SERVICES@INVESTEURS.COM','Y',2947,'Y'),(2743,'ASHISH','DM','8860782834','ashish@investeurs.com','Y',2948,'Y'),(2744,'HARPREET','HOD','9910164269','harpreet@investeurs.com','Y',2948,'Y'),(2745,'AMIT','AM','956028880','DTF.SERVICES@INVESTEURS.COM','Y',2948,'Y'),(2746,'Bijender','TL','98919107108','bijender.dheman@investeurs.com','Y',2951,'Y'),(2747,'Arvind Chaturvedi','BM','9871944224','facilitator@investeurs.com','Y',2952,'Y'),(2748,'Bijender','TL','9891910718','bijender.dheman@investeurs.com','Y',2953,'Y'),(2749,'Bijender','Ops Head','9891910718','bijender.dheman@investeurs.com','Y',2954,'Y'),(2750,'Bijender','Ops Head','9891910718','bijender.dheman@investeurs.com','Y',2955,'Y'),(2751,'Shubham','Branch Manager','8127438844','itsupport@investeurs.com','Y',2956,'Y'),(2752,'arvind','RM','9717323931','arvind.thelotus02@gmail.com','Y',2945,'Y'),(2753,'xyz','RM','9717323931','arvind.thelotus02@gmail.com','Y',2950,'Y'),(2754,'HARPREET','DIRECTOR','9910164269','harpreet@investeurs.com','Y',2958,'Y'),(2755,'AMIT','AM','9560288880','dtf.services@investeurs.com','Y',2959,'Y'),(2756,'HARPREET','HOD','9910164269','HARPREET@INVESTEURS.COM','Y',2959,'Y'),(2757,'ASHISH','DM','8860782834','ASHISH@INVESTEURS.COM','Y',2959,'Y'),(2758,'MANISH','AM','9818666970','guptam@investeurs.com','Y',2959,'Y'),(2759,'RAJ','AM','9818666969','lc@investeurs.com','Y',2959,'Y'),(2760,'Bijender','TL','9891910718','bijender.dheman@investeurs.com','Y',2961,'Y'),(2761,'Shubham','Admin','8127438844','itsupport@investeurs.com','Y',2962,'Y'),(2762,'ASHISH','DM','8860782834','ashish@investeurs.com','Y',2963,'Y'),(2763,'HARPREET','HOD','9910164269','harpreet@investeurs.com','Y',2963,'Y'),(2764,'AMIT','AM','9560288880','DTF.SERVICES@INVESTEURS.COM','Y',2963,'Y'),(2765,'BD','IT M','9891910718','bijender.dheman@investeurs.com','Y',2963,'Y'),(2766,'ASHISH GUPTA','DY MANAGER','8860782834','ASHISH@INVESTEURS.COM','Y',2965,'Y'),(2767,'Bijender','Ops Head','9891910718','bijender.dheman@investeurs.com','Y',2969,'Y'),(2768,'Shubham','Admin','8127438844','itsupport@investeurs.com','Y',2970,'Y'),(2769,'Bijender','TL','9891910718','bijender.dheman@investeurs.com','Y',2974,'Y'),(2770,'Bijender','Cordinator','9891910718','bijender.dheman@investeurs.com','Y',2975,'Y'),(2771,'Bijender','TL','9891910718','bijender.dheman@investeurs.com','Y',2983,'Y'),(2772,'Shubham','Ops Head','8130506485','itsupport@investeurs.com','Y',2984,'Y'),(2773,'Shubham','GM','8127438844','itsupport@investeurs.com','Y',2983,'Y');
/*!40000 ALTER TABLE `ilc_client_contacts` ENABLE KEYS */;
UNLOCK TABLES;

--
-- Table structure for table `ilc_client_limit`
--

DROP TABLE IF EXISTS `ilc_client_limit`;
/*!40101 SET @saved_cs_client     = @@character_set_client */;
/*!40101 SET character_set_client = utf8 */;
CREATE TABLE `ilc_client_limit` (
  `id` int(11) NOT NULL AUTO_INCREMENT,
  `client_Id` int(11) DEFAULT NULL,
  `bank_name` varchar(256) DEFAULT NULL,
  `client_limit` decimal(25,2) DEFAULT NULL,
  `var_client_limit` decimal(25,2) DEFAULT NULL,
  `benificiary_name` varchar(300) DEFAULT NULL,
  `isThirty` char(1) DEFAULT 'N',
  `isTen` char(1) DEFAULT 'N',
  PRIMARY KEY (`id`),
  KEY `FK_CLIENT_LIMIT` (`client_Id`),
  CONSTRAINT `FK_CLIENT_LIMIT` FOREIGN KEY (`client_Id`) REFERENCES `client_master` (`clientId`)
) ENGINE=InnoDB AUTO_INCREMENT=1576 DEFAULT CHARSET=latin1;
/*!40101 SET character_set_client = @saved_cs_client */;

--
-- Dumping data for table `ilc_client_limit`
--

LOCK TABLES `ilc_client_limit` WRITE;
/*!40000 ALTER TABLE `ilc_client_limit` DISABLE KEYS */;
INSERT INTO `ilc_client_limit` VALUES (1528,2917,'SIB ,GURGAON - SECTOR - 31 ',120000.00,120000.00,NULL,NULL,NULL),(1529,2919,'WOORI BANK SEC-S28 GURGAON',50000000.00,50000000.00,NULL,NULL,NULL),(1530,2921,'Test',50000000.00,50000000.00,NULL,NULL,NULL),(1531,2922,'Test DLF',10000000.00,10000000.00,NULL,NULL,NULL),(1532,2923,'NANI',500000000.00,500000000.00,NULL,NULL,NULL),(1533,2923,'UA',20000000.00,20000000.00,NULL,NULL,NULL),(1534,2924,'UA',500000000.00,500000000.00,NULL,NULL,NULL),(1535,2924,'NANI',200000000.00,200000000.00,NULL,NULL,NULL),(1536,2925,'secure',5000000.00,5000000.00,NULL,NULL,NULL),(1537,2925,'Internet',2000000.00,2000000.00,NULL,NULL,NULL),(1538,2926,'Internet',6000000.00,6000000.00,NULL,NULL,NULL),(1539,2926,'secure',3000000.00,3000000.00,NULL,NULL,NULL),(1540,2930,'Uttarakhand Bank',5000000.00,5000000.00,NULL,NULL,NULL),(1541,2931,'Delhi Bank',2000000.00,2000000.00,NULL,NULL,NULL),(1542,2927,'Delhi Bank',980000.00,980000.00,NULL,NULL,NULL),(1543,2934,'UK',5000000.00,5000000.00,NULL,NULL,NULL),(1544,2935,'PB',50000000.00,50000000.00,NULL,NULL,NULL),(1545,2936,'CB',20000000.00,20000000.00,NULL,NULL,NULL),(1546,2937,'SBI',100000000.00,100002000.00,NULL,NULL,NULL),(1547,2938,'UBI',500000000.00,500000000.00,NULL,NULL,NULL),(1548,2939,'Bolly',10000000000.00,10000000000.00,NULL,NULL,NULL),(1549,2940,'Holly',50000000000.00,50000000000.00,NULL,NULL,NULL),(1550,2941,'SIB, C R PARK',60000000.00,60000000.00,NULL,NULL,NULL),(1551,2943,'SIB, C R PARK',10000000.00,10000000.00,NULL,NULL,NULL),(1552,2947,'SIB, CRP',100000000.00,100000000.00,NULL,NULL,NULL),(1553,2948,'SARASWAT, LAJPAT NAGAR',100000000.00,100000000.00,NULL,NULL,NULL),(1554,2951,'CSC',100000.00,100000.00,NULL,NULL,NULL),(1555,2952,'Central Bank',100000.00,200000.00,NULL,NULL,NULL),(1556,2953,'CB',10000000.00,10000000.00,NULL,NULL,NULL),(1557,2954,'UT',20000000.00,20000000.00,NULL,NULL,NULL),(1558,2955,'SBR',50000000.00,50300000.00,NULL,NULL,NULL),(1559,2956,'Kodak',100000000.00,100000000.00,NULL,NULL,NULL),(1560,2958,'SHINHAN',100000000.00,100000000.00,NULL,NULL,NULL),(1561,2959,'SIB, CRP',200000000.00,200010000.00,NULL,NULL,NULL),(1562,2961,'FDB',100000.00,100000.00,NULL,NULL,NULL),(1563,2962,'MUM',200000.00,200000.00,NULL,NULL,NULL),(1564,2963,'SARASWAT, LAJPAT NAGAR',100000000.00,100000000.00,NULL,NULL,NULL),(1565,2965,'THE SOUTH INDIAN BANK LTD SIB CRP',5000000.00,5000000.00,NULL,NULL,NULL),(1566,2969,'Chaina',100000.00,100000.00,NULL,NULL,NULL),(1567,2970,'Axis Bank GGN',100000.00,200000.00,NULL,NULL,NULL),(1568,2967,'UCO BANK RET',50000000.00,50000000.00,NULL,NULL,NULL),(1569,2971,'THE SOUTH INDIAN BANK LTD SIB CRP',50000000.00,50000000.00,NULL,NULL,NULL),(1570,2974,'UTI',100000.00,100000.00,NULL,NULL,NULL),(1571,2975,'Urban',200000.00,240000.00,NULL,NULL,NULL),(1572,2976,'THE SOUTH INDIAN BANK LTD SIB CRP 1',50000000.00,50000000.00,NULL,NULL,NULL),(1573,2980,'SIB BANK',50000000.00,50000000.00,NULL,NULL,NULL),(1574,2983,'FB',500000.00,500000.00,NULL,NULL,NULL),(1575,2984,'BOI',200000.00,200000.00,NULL,NULL,NULL);
/*!40000 ALTER TABLE `ilc_client_limit` ENABLE KEYS */;
UNLOCK TABLES;

--
-- Table structure for table `ilc_features`
--

DROP TABLE IF EXISTS `ilc_features`;
/*!40101 SET @saved_cs_client     = @@character_set_client */;
/*!40101 SET character_set_client = utf8 */;
CREATE TABLE `ilc_features` (
  `featuresId` int(11) NOT NULL AUTO_INCREMENT,
  `features` varchar(145) DEFAULT NULL,
  PRIMARY KEY (`featuresId`)
) ENGINE=InnoDB AUTO_INCREMENT=32 DEFAULT CHARSET=latin1;
/*!40101 SET character_set_client = @saved_cs_client */;

--
-- Dumping data for table `ilc_features`
--

LOCK TABLES `ilc_features` WRITE;
/*!40000 ALTER TABLE `ilc_features` DISABLE KEYS */;
INSERT INTO `ilc_features` VALUES (1,'STATUS_NEW_TRANSACTION'),(2,'STATUS_FORWARDING_LETTER'),(3,'STATUS_CONFIRMATION_AWAITED'),(4,'STATUS_CONFIRMATION_RECEIVED'),(5,'STATUS_PAYMENT_ON_HOLD'),(6,'STATUS_PAYMENT_IN_PROGRESS'),(7,'STATUS_TRANSACTION_DISBURSED'),(8,'STATUS_OPS_PROCESSING'),(9,'STATUS_TRANSACTION_TO_BE_AUTHORISED'),(10,'STATUS_TRANSACTION_AUTHORISED'),(11,'STATUS_UNPAID_DUE_DATE'),(12,'STATUS_MARGIN_MONEY_UNPAID'),(13,'STATUS_MARGIN_MONEY_PAID'),(14,'STATUS_ACCOUNTS_PROCESSING'),(15,'STATUS_UNBILLED'),(16,'STATUS_BILLED'),(17,'STATUS_EDIT'),(18,'STATUS_VIEW'),(19,'NEWTRANSACTION_FIELD_MANAGER'),(20,'NEWTRANSACTION_OPERATIONS'),(21,'NEWTRANSACTION_UNPAID_DUE_DATES'),(22,'NEWTRANSACTION_ACCOUNTS'),(23,'DISCOUNTING_STATUS'),(24,'CREATE_TRANSACTION'),(25,'REPORTS'),(26,'TOOLS'),(27,'TRANSACTION_AUTHORISE_PERMISSION'),(28,'TOOLS_MANAGE_LC'),(29,'TOOLS_MANAGE_COMPANY'),(30,'TOOLS_MANAGE_BANK'),(31,'TOOLS_MANAGE_USERS');
/*!40000 ALTER TABLE `ilc_features` ENABLE KEYS */;
UNLOCK TABLES;

--
-- Table structure for table `ilc_log_summary`
--

DROP TABLE IF EXISTS `ilc_log_summary`;
/*!40101 SET @saved_cs_client     = @@character_set_client */;
/*!40101 SET character_set_client = utf8 */;
CREATE TABLE `ilc_log_summary` (
  `log_id` int(11) NOT NULL AUTO_INCREMENT,
  `user_id` int(50) DEFAULT NULL,
  `tx_id` int(50) DEFAULT NULL,
  `details` varchar(300) DEFAULT NULL,
  `update_time` datetime DEFAULT NULL,
  PRIMARY KEY (`log_id`)
) ENGINE=MyISAM AUTO_INCREMENT=14103 DEFAULT CHARSET=latin1;
/*!40101 SET character_set_client = @saved_cs_client */;

--
-- Dumping data for table `ilc_log_summary`
--

LOCK TABLES `ilc_log_summary` WRITE;
/*!40000 ALTER TABLE `ilc_log_summary` DISABLE KEYS */;
/*!40000 ALTER TABLE `ilc_log_summary` ENABLE KEYS */;
UNLOCK TABLES;

--
-- Table structure for table `ilc_role_feature`
--

DROP TABLE IF EXISTS `ilc_role_feature`;
/*!40101 SET @saved_cs_client     = @@character_set_client */;
/*!40101 SET character_set_client = utf8 */;
CREATE TABLE `ilc_role_feature` (
  `role_feature_id` int(11) NOT NULL AUTO_INCREMENT,
  `role_id` int(11) DEFAULT NULL,
  `feature_id` int(11) DEFAULT NULL,
  PRIMARY KEY (`role_feature_id`),
  KEY `fk_role_id` (`role_id`),
  KEY `fk_feature_id` (`feature_id`),
  CONSTRAINT `fk_feature_id` FOREIGN KEY (`feature_id`) REFERENCES `ilc_features` (`featuresId`) ON DELETE NO ACTION ON UPDATE NO ACTION,
  CONSTRAINT `fk_role_id` FOREIGN KEY (`role_id`) REFERENCES `ilc_roles` (`role_id`) ON DELETE NO ACTION ON UPDATE NO ACTION
) ENGINE=InnoDB AUTO_INCREMENT=116 DEFAULT CHARSET=latin1;
/*!40101 SET character_set_client = @saved_cs_client */;

--
-- Dumping data for table `ilc_role_feature`
--

LOCK TABLES `ilc_role_feature` WRITE;
/*!40000 ALTER TABLE `ilc_role_feature` DISABLE KEYS */;
INSERT INTO `ilc_role_feature` VALUES (1,1,1),(2,1,2),(3,1,3),(4,1,4),(5,1,5),(6,1,6),(7,1,7),(8,1,8),(9,1,9),(10,1,10),(11,1,11),(12,1,12),(13,1,13),(14,1,14),(15,1,15),(16,1,16),(17,1,23),(18,1,24),(19,1,25),(20,1,26),(21,1,19),(22,1,20),(24,2,1),(25,2,2),(26,2,3),(27,2,4),(28,2,5),(29,2,6),(30,2,7),(31,2,23),(32,2,19),(33,2,24),(41,3,8),(42,3,9),(43,3,10),(44,3,11),(45,3,12),(46,3,13),(47,3,23),(48,3,19),(49,3,20),(50,3,21),(51,3,24),(52,1,21),(53,1,27),(54,5,8),(55,5,9),(56,5,10),(57,5,11),(58,5,12),(59,5,13),(60,5,23),(61,5,19),(62,5,20),(63,5,21),(64,5,24),(65,3,27),(66,4,14),(67,4,15),(68,4,16),(69,4,23),(70,4,19),(71,4,20),(72,4,22),(73,4,24),(74,3,1),(75,3,2),(76,3,3),(77,3,4),(78,3,5),(79,3,6),(80,3,7),(81,6,8),(82,6,9),(83,6,10),(84,6,11),(85,6,12),(86,6,13),(87,6,23),(88,6,19),(89,6,20),(90,6,21),(91,6,24),(92,6,27),(93,1,28),(94,1,29),(95,1,30),(96,3,26),(97,3,28),(98,3,29),(99,3,30),(100,6,26),(101,6,28),(102,6,29),(103,6,30),(104,7,1),(105,7,2),(106,7,3),(107,7,4),(108,7,5),(109,7,6),(110,7,7),(111,7,19),(112,7,23),(113,7,24),(114,7,26),(115,7,28);
/*!40000 ALTER TABLE `ilc_role_feature` ENABLE KEYS */;
UNLOCK TABLES;

--
-- Table structure for table `ilc_roles`
--

DROP TABLE IF EXISTS `ilc_roles`;
/*!40101 SET @saved_cs_client     = @@character_set_client */;
/*!40101 SET character_set_client = utf8 */;
CREATE TABLE `ilc_roles` (
  `role_id` int(11) NOT NULL AUTO_INCREMENT,
  `role` varchar(145) DEFAULT NULL,
  PRIMARY KEY (`role_id`)
) ENGINE=InnoDB AUTO_INCREMENT=8 DEFAULT CHARSET=latin1;
/*!40101 SET character_set_client = @saved_cs_client */;

--
-- Dumping data for table `ilc_roles`
--

LOCK TABLES `ilc_roles` WRITE;
/*!40000 ALTER TABLE `ilc_roles` DISABLE KEYS */;
INSERT INTO `ilc_roles` VALUES (1,'ADMIN'),(2,'FIELD_MANAGER'),(3,'OPERATIONS_HEAD'),(4,'ACCOUNTS'),(5,'OPERATIONS'),(6,'OPERATIONSTRAUTH'),(7,'FIELD_MANAGER_LC');
/*!40000 ALTER TABLE `ilc_roles` ENABLE KEYS */;
UNLOCK TABLES;

--
-- Table structure for table `ilc_tx_master`
--

DROP TABLE IF EXISTS `ilc_tx_master`;
/*!40101 SET @saved_cs_client     = @@character_set_client */;
/*!40101 SET character_set_client = utf8 */;
CREATE TABLE `ilc_tx_master` (
  `tx_id` int(11) NOT NULL AUTO_INCREMENT,
  `transaction_id` varchar(50) DEFAULT NULL,
  `tx_status` varchar(100) NOT NULL,
  `created_on` date DEFAULT NULL,
  `created_by` varchar(100) DEFAULT NULL,
  `rm_id` int(11) DEFAULT NULL,
  `skip_rm_id` int(11) DEFAULT NULL,
  `applicant_id` int(11) DEFAULT NULL,
  `beneficiary_id` int(11) DEFAULT NULL,
  `client_id` int(11) DEFAULT NULL,
  `climit_app_ben_id` int(11) DEFAULT NULL,
  `lc_opening_bank` int(11) DEFAULT NULL,
  `lc_dicounting_bank` int(11) DEFAULT NULL,
  `bill_amount` decimal(25,2) DEFAULT NULL,
  `client_limit` decimal(25,2) DEFAULT NULL,
  `usance_roi_rate` decimal(25,2) DEFAULT NULL,
  `due_date` date DEFAULT NULL,
  `lc_id` int(11) DEFAULT NULL,
  `discounting_date` date DEFAULT NULL,
  `PO_RTGS_amt_field` decimal(25,2) DEFAULT NULL,
  `UTR_No` varchar(100) DEFAULT NULL,
  `bank_ref_no` varchar(100) DEFAULT NULL,
  `usance_period` int(11) DEFAULT NULL,
  `PO_RTGS_amount` decimal(25,2) DEFAULT NULL,
  `margin_days` int(11) DEFAULT NULL,
  `margin_roi` decimal(25,2) DEFAULT NULL,
  `interest_amt` decimal(25,2) DEFAULT NULL,
  `handling_charges` decimal(25,2) DEFAULT NULL,
  `other_charges_amount` decimal(25,2) DEFAULT NULL,
  `margin_amount` decimal(25,2) DEFAULT NULL,
  `total_deduction` decimal(25,2) DEFAULT NULL,
  `COMMENT` varchar(1000) DEFAULT NULL,
  `COMMENT_OPER` varchar(500) DEFAULT NULL,
  `rate_option` varchar(100) DEFAULT NULL,
  `tx_netAmountGST` decimal(20,2) DEFAULT NULL,
  `amount_percent` decimal(25,2) DEFAULT NULL,
  `total_charges` decimal(25,2) DEFAULT NULL,
  `service_tax_amt` decimal(25,2) DEFAULT NULL,
  `net_amount` decimal(25,2) DEFAULT NULL,
  `realization_date` date DEFAULT NULL,
  `refund_amt` decimal(25,2) DEFAULT NULL,
  `cheque_no` varchar(50) DEFAULT NULL,
  `cheque_date` date DEFAULT NULL,
  `updated_on` date DEFAULT NULL,
  `bill_ref_no` varchar(100) DEFAULT NULL,
  `edit_tx_check` varchar(150) DEFAULT NULL,
  `transaction_regd_date` date DEFAULT NULL,
  `reviewed_by` varchar(150) DEFAULT NULL,
  `tx_new_status` int(11) DEFAULT NULL,
  `sbjctMinAmount` decimal(20,2) DEFAULT NULL,
  `is_bill_created` tinyint(1) DEFAULT '0',
  `tx_shortAcceptanceReceived` decimal(20,2) DEFAULT NULL,
  `tx_OverdueAmount` decimal(20,2) DEFAULT NULL,
  `tx_ExcessAmount` decimal(20,2) DEFAULT NULL,
  `tx_ShortAmount` decimal(20,2) DEFAULT NULL,
  `tx_OverdueROI` decimal(3,0) DEFAULT NULL,
  `tx_SbjctMaxAmount` decimal(20,2) DEFAULT NULL,
  `tx_BillExcessAmount` decimal(20,2) DEFAULT NULL,
  `tx_pntCharge` decimal(20,2) DEFAULT NULL,
  `tx_rtgsCharge` decimal(20,2) DEFAULT NULL,
  `tx_lmtRenewCharge` decimal(20,2) DEFAULT NULL,
  `tx_stmtCharge` decimal(20,2) DEFAULT NULL,
  `tx_overdueDays` decimal(20,0) DEFAULT NULL,
  PRIMARY KEY (`tx_id`),
  KEY `FK_client_Id_tx_master` (`client_id`),
  KEY `FK_applicant_Id_tx_master` (`applicant_id`),
  KEY `FK_beneficiary_tx_master` (`beneficiary_id`),
  KEY `FK_RM_Id_tx_master` (`rm_id`),
  KEY `FK_LC_ID_tx_master` (`lc_id`),
  KEY `FK_DISCOUNTING_tx_master` (`lc_dicounting_bank`),
  KEY `FK_OPENING_tx_master` (`lc_opening_bank`),
  KEY `CLIMIT_ID_FK` (`climit_app_ben_id`),
  CONSTRAINT `CLIMIT_ID_FK` FOREIGN KEY (`climit_app_ben_id`) REFERENCES `client_master` (`clientId`),
  CONSTRAINT `FK_DISCOUNTING_tx_master` FOREIGN KEY (`lc_dicounting_bank`) REFERENCES `discounting_bank_details` (`bank_id`),
  CONSTRAINT `FK_LC_ID_tx_master` FOREIGN KEY (`lc_id`) REFERENCES `lc_details` (`lc_Id`),
  CONSTRAINT `FK_OPENING_tx_master` FOREIGN KEY (`lc_opening_bank`) REFERENCES `discounting_bank_details` (`bank_id`),
  CONSTRAINT `FK_RM_Id_tx_master` FOREIGN KEY (`rm_id`) REFERENCES `ilc_user_details` (`user_id`),
  CONSTRAINT `FK_applicant_Id_tx_master` FOREIGN KEY (`applicant_id`) REFERENCES `client_master` (`clientId`),
  CONSTRAINT `FK_beneficiary_tx_master` FOREIGN KEY (`beneficiary_id`) REFERENCES `client_master` (`clientId`),
  CONSTRAINT `FK_client_Id_tx_master` FOREIGN KEY (`client_id`) REFERENCES `client_master` (`clientId`)
) ENGINE=InnoDB AUTO_INCREMENT=141116 DEFAULT CHARSET=latin1;
/*!40101 SET character_set_client = @saved_cs_client */;

--
-- Dumping data for table `ilc_tx_master`
--

LOCK TABLES `ilc_tx_master` WRITE;
/*!40000 ALTER TABLE `ilc_tx_master` DISABLE KEYS */;
INSERT INTO `ilc_tx_master` VALUES (140726,NULL,'Transactions Disbursed','2019-05-22','Arvind',17,NULL,2914,2915,2914,2914,1067,1067,25035043.84,25064380.00,8.35,'2019-08-19',26717,'2019-05-22',24720048.00,'SIBLR 5 2019 05 20 000 25478','',55,24720048.00,0,0.00,314995.72,0.00,NULL,0.00,314995.00,'',NULL,'Select Rate',NULL,0.00,0.00,18.00,25035043.00,NULL,NULL,NULL,NULL,'2019-05-22',NULL,'Rate Options','2019-05-22','admin',6,0.00,NULL,0.00,0.00,0.00,0.00,0,0.00,0.00,0.00,0.00,0.00,0.00,NULL),(140727,NULL,'Margin Money - Unpaid','2019-05-22','Arvind',17,17,2914,2915,2914,2914,1067,1067,2503.84,25064380.00,1.25,'2019-05-31',26717,'2019-05-22',0.00,'SIBLR 5 2019 05 20 000 25478','UBP1734',8,2137.00,7,13.00,0.69,100.00,100.00,6.24,366.00,'Done','D',NULL,NULL,NULL,NULL,NULL,2503.00,'2019-07-04',6.24,'154256','2019-07-03','2019-08-29','ILC-17-18-242','Rate Options',NULL,'Amit Kumar',11,0.00,1,100.00,NULL,NULL,NULL,NULL,NULL,100.00,101.00,59.00,NULL,NULL,NULL),(140760,NULL,'Deleted','2019-05-22','Bijender',17,22,2921,2922,2922,2921,1072,1072,200000.00,0.00,0.00,'2019-05-23',26719,'2018-09-09',0.00,'Axis01234','',0,200000.00,0,0.00,0.00,0.00,0.00,0.00,0.00,'',NULL,'Select Rate',NULL,0.00,0.00,18.00,200000.00,NULL,NULL,NULL,NULL,'2019-08-27',NULL,'Rate Options','2019-05-22','admin',99,0.00,NULL,0.00,0.00,0.00,0.00,0,0.00,0.00,0.00,0.00,0.00,0.00,NULL),(140761,NULL,'Margin Money - Paid','2019-05-22','Bijender',17,NULL,2921,2922,2922,2921,1072,1072,200000.00,0.00,8.50,'2019-05-23',26719,'2019-06-30',0.00,'Axis01234','boi123456',37,197320.00,7,13.00,1723.29,200.00,100.00,498.63,2680.00,'cOMPLETE','DONE','Rate Amount',360.00,1.00,2000.00,NULL,200000.00,'2019-05-25',498.63,'12456','2019-05-23','2019-08-01','10141','Rate Options',NULL,'admin',12,0.00,1,0.00,NULL,NULL,NULL,NULL,NULL,0.00,100.00,59.00,NULL,NULL,NULL),(140762,NULL,'Billed','2019-05-22','Bijender',17,NULL,2921,2922,2922,2921,1072,1072,200000.00,0.00,10.00,'2019-05-23',26719,'2019-06-30',0.00,'Axis01234','012456',60,195245.00,15,13.00,3287.67,100.00,100.00,1068.49,4755.00,NULL,NULL,'Flat Amount',900.00,0.50,5000.00,NULL,200000.00,'2019-05-22',NULL,NULL,NULL,'2019-08-19','ILC-19-20-736','Rate Options',NULL,NULL,15,2000.00,1,0.00,NULL,NULL,NULL,NULL,124578.00,0.00,100.00,100.00,NULL,NULL,NULL),(140763,NULL,'Deleted','2019-05-22','Bijender',17,NULL,2921,2922,2922,2921,1072,1072,200000.00,0.00,NULL,NULL,26719,NULL,NULL,'Axis01234',NULL,NULL,NULL,NULL,NULL,NULL,NULL,NULL,NULL,NULL,NULL,NULL,NULL,NULL,NULL,NULL,NULL,NULL,NULL,NULL,NULL,NULL,'2019-08-23',NULL,NULL,NULL,NULL,99,NULL,NULL,NULL,NULL,NULL,NULL,NULL,NULL,NULL,NULL,NULL,NULL,NULL,NULL),(140772,NULL,'Transactions Disbursed','2019-05-23','',27,NULL,2923,2924,2923,2923,1072,1072,1000.00,200000.00,0.00,'2019-05-24',26721,NULL,0.00,'UTC0014','',0,1000.00,0,0.00,0.00,0.00,NULL,0.00,NULL,'',NULL,'Select Rate',NULL,0.00,0.00,18.00,1000.00,NULL,NULL,NULL,NULL,'2019-05-23',NULL,'Rate Options','2019-05-23','admin',6,0.00,NULL,0.00,0.00,0.00,0.00,0,0.00,0.00,0.00,0.00,0.00,0.00,NULL),(140773,NULL,'Transactions Disbursed','2019-05-23','',27,NULL,2923,2924,2923,2923,1072,1072,100000.00,200000.00,8.50,'2019-05-29',26721,'2019-05-31',0.00,'548746698','GGN000158758',90,97241.00,15,13.50,2095.89,5.00,100.00,554.79,2759.00,'','done','Rate Amount',27.00,0.15,150.00,18.00,100000.00,NULL,NULL,NULL,NULL,'2019-06-19','ILC-17-18-242','Rate Options','2019-05-28','admin',6,0.00,1,100.00,0.00,0.00,0.00,0,0.00,100.00,5.00,0.00,0.00,0.00,NULL),(140774,NULL,'Transactions Disbursed','2019-05-23','Arvind chaturvedi',27,NULL,2923,2924,2923,2923,1072,1072,100.00,200000.00,100.00,'2022-06-20',26721,'2019-06-20',12.00,'232234234','2341231233',0,100.00,0,0.00,0.00,0.00,NULL,0.00,0.00,'dasdfasdf','SFSafSF','Rate Amount',1.80,10.00,10.00,18.00,100.00,'2019-06-20',NULL,NULL,NULL,'2019-06-20','ILC-17-18-242','Rate Options','2019-06-03','admin',6,0.00,1,0.00,0.00,0.00,0.00,0,0.00,0.00,0.00,0.00,0.00,0.00,NULL),(140775,NULL,'Deleted','2019-05-23','',27,NULL,2923,2924,2923,2923,1072,1072,NULL,200000.00,0.00,NULL,26721,NULL,NULL,'',NULL,0,NULL,0,0.00,0.00,0.00,NULL,0.00,NULL,'',NULL,'Select Rate',NULL,0.00,0.00,18.00,0.00,NULL,NULL,NULL,NULL,'2019-06-03','ILC-17-18-242','','2019-06-03','admin',99,0.00,1,0.00,0.00,0.00,0.00,0,0.00,0.00,0.00,0.00,0.00,0.00,NULL),(140776,NULL,'Deleted','2019-05-23','',27,NULL,2923,2924,2923,2923,1072,1072,NULL,200000.00,0.00,NULL,26721,NULL,NULL,'',NULL,0,NULL,0,0.00,0.00,0.00,NULL,0.00,NULL,'',NULL,'Select Rate',NULL,0.00,0.00,18.00,0.00,NULL,NULL,NULL,NULL,'2019-08-24','2332','','2019-08-24','admin',99,0.00,1,0.00,0.00,0.00,0.00,0,0.00,0.00,0.00,0.00,0.00,0.00,NULL),(140777,NULL,'Deleted','2019-05-23','Bijender Dheman',5,17,2923,2924,2923,2923,1072,1072,1000.00,200000.00,2.50,'2019-05-24',26721,'2019-06-24',100.00,'UTC0014','GGN0001',30,494.00,15,10.50,2.05,100.00,100.00,4.32,406.00,'done','done','Rate Amount',23.40,13.00,130.00,NULL,1000.00,'2019-05-25',94.32,'1212121','2019-05-31','2019-05-25','10001','Rate Options',NULL,'admin',99,0.00,1,100.00,NULL,NULL,NULL,NULL,0.00,100.00,100.00,100.00,NULL,NULL,NULL),(140778,NULL,'Billed','2019-05-23','Bijender Dheman',5,NULL,2923,2924,2923,2923,1072,1072,1000.00,200000.00,8.50,'2019-05-24',26721,'2019-05-31',0.00,'UTC0014012','REF000123',10,594.00,15,10.50,2.33,100.00,100.00,4.32,406.00,'done','done','Rate Amount',1800.00,1000.00,10000.00,NULL,1000.00,'2019-08-16',9994.32,'586978','2019-08-16','2019-08-19','100','Rate Options',NULL,NULL,15,NULL,1,1.00,NULL,NULL,NULL,NULL,NULL,1.00,100.00,100.00,NULL,NULL,NULL),(140779,NULL,'Deleted','2019-05-23','Bijender Dheman',27,NULL,2923,2924,2923,2923,1072,1072,1000.00,200000.00,NULL,NULL,26721,NULL,NULL,'UTC0014',NULL,NULL,NULL,NULL,NULL,NULL,NULL,NULL,NULL,NULL,NULL,NULL,NULL,NULL,NULL,NULL,NULL,NULL,NULL,NULL,NULL,NULL,'2019-08-23',NULL,NULL,NULL,NULL,99,NULL,NULL,NULL,NULL,NULL,NULL,NULL,NULL,NULL,NULL,NULL,NULL,NULL,NULL),(140780,NULL,'Deleted','2019-05-23','Mahesh Kumar',5,56,2923,2924,2923,2923,1072,1072,100.00,199000.00,8.50,NULL,26721,NULL,0.00,'UTC0014548','GGN0001587',90,-302.00,15,13.50,2.10,100.00,100.00,0.55,402.00,'','done','Select Rate',NULL,0.00,0.00,18.00,100.00,NULL,NULL,NULL,NULL,'2019-05-28','ILC-17-18-242','Rate Options','2019-05-28','admin',99,0.00,1,100.00,0.00,0.00,0.00,0,0.00,100.00,100.00,100.00,0.00,0.00,NULL),(140781,NULL,'Transactions Authorised','2019-05-24','',27,NULL,2923,2924,2923,2923,1072,1072,900.00,199000.00,8.50,NULL,26721,'2018-09-09',0.00,'uT1524877','GGN00012',85,843.00,1,13.50,17.82,10.00,10.00,0.33,57.00,'','done','Select Rate',NULL,0.00,0.00,18.00,900.00,NULL,NULL,NULL,NULL,'2019-08-30','ILC-17-18-242','Rate Options','2019-05-28','admin',9,0.00,1,0.00,0.00,0.00,0.00,0,0.00,0.00,10.00,10.00,0.00,0.00,NULL),(140782,NULL,'Transactions Disbursed','2019-05-24','Kumar',5,NULL,2923,2924,2923,2923,1072,1072,100000.00,199000.00,10.00,'2019-09-30',26721,'2019-08-23',97737.27,'utr015487923082019','refe587485799',38,97737.27,25,17.50,1041.10,1.00,20.00,1198.63,2262.73,'','done1256','Select Rate',NULL,0.00,0.00,18.00,100000.00,NULL,1198.63,NULL,NULL,'2019-08-23','ILC-17-18-242','Rate Options','2019-08-13','admin',6,0.00,1,10.00,0.00,0.00,0.00,0,0.00,10.00,1.00,1.00,0.00,0.00,NULL),(140787,NULL,'Transactions Disbursed','2019-05-29','Bijender',17,5,2926,2923,2926,2926,1075,1073,100.00,NULL,0.00,'2019-07-30',26722,'2019-07-20',5.00,'Toi012456','',0,100.00,0,0.00,0.00,0.00,NULL,0.00,NULL,'',NULL,'Select Rate',NULL,0.00,0.00,18.00,100.00,NULL,NULL,NULL,NULL,'2019-07-19','ILC-17-18-242','Rate Options','2019-06-04','admin',6,0.00,1,0.00,0.00,0.00,0.00,0,0.00,0.00,0.00,0.00,0.00,0.00,NULL),(140788,NULL,'Transactions Disbursed','2019-05-29','Bijender Dheman',17,NULL,2926,2925,2926,2926,1075,1076,100.00,NULL,0.00,NULL,26724,NULL,0.00,'UTI000154','',0,100.00,0,0.00,0.00,0.00,NULL,0.00,NULL,'',NULL,'Select Rate',NULL,0.00,0.00,18.00,100.00,NULL,NULL,NULL,NULL,'2019-05-29',NULL,'Rate Options','2019-05-29','admin',6,0.00,NULL,0.00,0.00,0.00,0.00,0,0.00,0.00,0.00,0.00,0.00,0.00,NULL),(140789,NULL,'Deleted','2019-05-29','Arvind chaturvedi',17,NULL,2926,2925,2926,2926,1075,1077,100.00,900.00,0.00,'2019-05-30',26724,NULL,0.00,'12222',NULL,0,NULL,0,0.00,0.00,0.00,NULL,0.00,NULL,'',NULL,'Select Rate',NULL,0.00,0.00,18.00,100.00,NULL,NULL,NULL,NULL,NULL,'ILC-17-18-242','',NULL,'admin',99,0.00,1,0.00,0.00,0.00,0.00,0,0.00,0.00,0.00,0.00,0.00,0.00,NULL),(140790,NULL,'Deleted','2019-05-29','',17,NULL,2921,2922,2922,2921,1072,1072,NULL,NULL,0.00,NULL,26719,NULL,NULL,'asfasas','',0,NULL,0,0.00,0.00,0.00,NULL,0.00,NULL,'',NULL,'Select Rate',NULL,0.00,0.00,18.00,0.00,NULL,NULL,NULL,NULL,'2019-07-16',NULL,'Rate Options','2019-06-03','admin',99,0.00,NULL,0.00,0.00,0.00,0.00,0,0.00,0.00,0.00,0.00,0.00,0.00,NULL),(140791,NULL,'Transactions Authorised','2019-05-29','Mahesh Kumar',17,5,2921,2922,2922,2921,1072,1072,1000.00,NULL,10.00,'2019-10-31',26719,'2019-08-07',0.00,'UTR090909','Bnk001256',0,884.00,10,13.50,0.00,100.00,10.00,3.70,116.00,'','done','Select Rate',NULL,0.00,0.00,18.00,1000.00,NULL,NULL,NULL,NULL,'2019-08-16','ILC-17-18-242','Rate Options','2019-06-04','sachin',9,0.00,1,0.00,0.00,0.00,0.00,0,0.00,0.00,2.00,1.00,0.00,0.00,NULL),(140792,NULL,'Deleted','2019-05-29','Arvind chaturvedi',17,5,2926,2923,2926,2926,1075,1069,NULL,NULL,0.00,NULL,26722,NULL,NULL,'qwqwqwe4535','',0,NULL,0,0.00,0.00,0.00,NULL,0.00,NULL,'',NULL,'Select Rate',NULL,0.00,0.00,18.00,0.00,NULL,NULL,NULL,NULL,'2019-07-16',NULL,'Rate Options','2019-06-04','admin',99,0.00,NULL,0.00,0.00,0.00,0.00,0,0.00,0.00,0.00,0.00,0.00,0.00,NULL),(140793,NULL,'Margin Money - Paid','2019-05-29','Bijender Dheman',17,NULL,2926,2925,2926,2926,1075,1076,100.00,NULL,10.50,'2019-05-30',26724,'2019-05-21',0.00,'UTI000154','GGN00015871544',90,-202.00,20,13.50,2.59,100.00,100.00,0.74,302.00,NULL,'done',NULL,NULL,NULL,NULL,NULL,100.00,NULL,NULL,NULL,NULL,'2019-06-03',NULL,'Rate Options',NULL,'admin',12,0.00,NULL,0.00,NULL,NULL,NULL,NULL,NULL,0.00,100.00,0.00,NULL,NULL,NULL),(140794,NULL,'Deleted','2019-05-29','Bijender Dheman',17,NULL,2926,2925,2926,2926,1075,1076,100.00,NULL,NULL,NULL,26724,NULL,NULL,'UTI000154',NULL,NULL,NULL,NULL,NULL,NULL,NULL,NULL,NULL,NULL,NULL,NULL,NULL,NULL,NULL,NULL,NULL,NULL,NULL,NULL,NULL,NULL,'2019-05-29','10001',NULL,NULL,NULL,99,NULL,1,NULL,NULL,NULL,NULL,NULL,NULL,NULL,NULL,NULL,NULL,NULL,NULL),(140795,NULL,'Deleted','2019-05-29','Bijender Dheman',17,NULL,2926,2925,2926,2926,1075,1076,100.00,NULL,NULL,NULL,26724,NULL,NULL,'UTI000154',NULL,NULL,NULL,NULL,NULL,NULL,NULL,NULL,NULL,NULL,NULL,NULL,NULL,NULL,NULL,NULL,NULL,NULL,NULL,NULL,NULL,NULL,'2019-08-23',NULL,NULL,NULL,NULL,99,NULL,NULL,NULL,NULL,NULL,NULL,NULL,NULL,NULL,NULL,NULL,NULL,NULL,NULL),(140796,NULL,'Deleted','2019-05-29','Arvind chaturvedi',17,NULL,2921,2922,2922,2921,1072,1072,100.00,299900.00,0.00,NULL,26719,NULL,0.00,'1222wwwe',NULL,0,100.00,0,0.00,0.00,0.00,NULL,0.00,NULL,'',NULL,'Select Rate',NULL,0.00,0.00,18.00,100.00,NULL,NULL,NULL,NULL,'2019-08-27',NULL,'','2019-08-27','admin',99,0.00,NULL,0.00,0.00,0.00,0.00,0,0.00,0.00,0.00,0.00,0.00,0.00,NULL),(140797,NULL,'Confirmation Awaited','2019-05-29','',17,NULL,2914,2915,2914,2914,1067,1067,NULL,NULL,0.00,NULL,26717,NULL,NULL,'24124124sdfsdfsdfsdf',NULL,0,NULL,0,0.00,0.00,0.00,NULL,0.00,NULL,'',NULL,'Select Rate',NULL,0.00,0.00,18.00,0.00,NULL,NULL,NULL,NULL,'2019-07-24',NULL,'','2019-06-20','admin',2,0.00,NULL,0.00,0.00,0.00,0.00,0,0.00,0.00,0.00,0.00,0.00,0.00,NULL),(140798,NULL,'Transactions Authorised','2019-05-29','Arvind chaturvedi',56,5,2926,2925,2926,2926,1075,1077,100.00,NULL,10.00,'2019-10-16',26724,'2019-08-21',0.00,'SS00897','ref09090888',56,94.00,30,13.50,1.53,1.00,1.00,1.11,6.00,'done123','done','Select Rate',NULL,0.00,0.00,18.00,100.00,'2019-08-19',91.11,'324345','2019-08-22','2019-08-19',NULL,'Rate Options','2019-06-20','admin',9,0.00,NULL,100.00,0.00,0.00,0.00,0,0.00,100.00,1.00,1.00,0.00,0.00,NULL),(140799,NULL,'Deleted','2019-05-29','Arvind chaturvedi',17,NULL,2926,2925,2926,2926,1075,1074,100.00,700.00,0.00,NULL,26724,NULL,0.00,'asASd',NULL,0,NULL,0,0.00,0.00,0.00,NULL,0.00,NULL,'',NULL,'Select Rate',NULL,0.00,0.00,18.00,100.00,NULL,NULL,NULL,NULL,NULL,'ILC-17-18-242','',NULL,'admin',99,0.00,1,0.00,0.00,0.00,0.00,0,0.00,0.00,0.00,0.00,0.00,0.00,NULL),(140800,NULL,'Deleted','2019-05-30','Arvind chaturvedi',17,5,2926,2925,2926,2926,1075,1069,100.00,600.00,0.00,NULL,26724,NULL,0.00,'454qwqqrSFSSFSfSFSFfFSSF',NULL,0,100.00,0,0.00,0.00,0.00,NULL,0.00,NULL,'',NULL,'Select Rate',NULL,0.00,0.00,18.00,100.00,NULL,NULL,NULL,NULL,'2019-07-24','http://prntscr.com/oaymku','','2019-07-19','admin',99,0.00,1,0.00,0.00,0.00,0.00,0,0.00,0.00,0.00,0.00,0.00,0.00,NULL),(140801,NULL,'Deleted','2019-06-03','Kumar',5,55,2927,2927,2927,2927,1070,1069,100000.00,NULL,19.00,NULL,26733,NULL,100.00,'UK00012345','ref9898971',15,98631.00,10,13.50,780.82,100.00,100.00,369.86,1459.00,'','done','Select Rate',NULL,0.00,0.00,18.00,100090.00,NULL,NULL,NULL,NULL,'2019-06-30','ILC-17-18-242','Rate Options','2019-06-30','sachin',99,0.00,1,10.00,0.00,0.00,0.00,0,0.00,100.00,10.00,100.00,0.00,0.00,NULL),(140802,NULL,'Margin Money - Paid','2019-06-03','Sanjay',17,5,2926,2925,2926,2926,1075,1066,100.00,NULL,10.50,'2019-07-10',26724,'2019-07-03',0.00,'AA45789415234567','BAN0012455',8,90.00,15,13.15,0.23,100.00,0.00,0.54,100.00,'dONE','DONE','Annual Rate',0.00,0.15,0.00,18.00,190.00,'2019-08-07',0.54,'011011','2019-08-12','2019-08-08','ILC-17-18-242','Rate Options','2019-08-06','admin',12,0.00,1,10.00,0.00,0.00,0.00,0,0.00,100.00,0.00,0.00,0.00,0.00,NULL),(140803,NULL,'Deleted','2019-06-03','Arvind chaturvedi',34,5,2926,2925,2926,2926,1075,1073,NULL,NULL,0.00,NULL,26724,NULL,NULL,'','',0,NULL,0,0.00,0.00,0.00,NULL,0.00,NULL,'',NULL,'Select Rate',0.00,0.00,0.00,18.00,0.00,NULL,NULL,NULL,NULL,'2019-07-24',NULL,'Rate Options','2019-06-30','sachin',99,0.00,NULL,0.00,0.00,0.00,0.00,0,0.00,0.00,0.00,0.00,0.00,0.00,NULL),(140804,NULL,'Deleted','2019-06-03','',34,17,2926,2925,2926,2926,1075,1066,100.00,500.00,0.00,NULL,26724,NULL,0.00,'sdsdfadf','',0,NULL,0,0.00,0.00,0.00,NULL,0.00,NULL,'',NULL,'Select Rate',NULL,0.00,0.00,18.00,100.00,NULL,NULL,NULL,NULL,NULL,NULL,'Rate Options',NULL,'sachin',99,0.00,NULL,0.00,0.00,0.00,0.00,0,0.00,0.00,0.00,0.00,0.00,0.00,NULL),(140805,NULL,'Deleted','2019-06-03','Arvind chaturvedi',17,NULL,2926,2925,2926,2926,1075,1076,NULL,NULL,0.00,NULL,26724,NULL,NULL,'',NULL,0,NULL,0,0.00,0.00,0.00,NULL,0.00,NULL,'',NULL,'Select Rate',NULL,0.00,0.00,18.00,0.00,NULL,NULL,NULL,NULL,NULL,NULL,'',NULL,'sachin',99,0.00,NULL,0.00,0.00,0.00,0.00,0,0.00,0.00,0.00,0.00,0.00,0.00,NULL),(140806,NULL,'Deleted','2019-06-03','',17,NULL,2926,2925,2926,2926,1075,1076,NULL,NULL,0.00,NULL,26724,NULL,NULL,'',NULL,0,NULL,0,0.00,0.00,0.00,NULL,0.00,NULL,'',NULL,'Select Rate',NULL,0.00,0.00,18.00,0.00,NULL,NULL,NULL,NULL,'2019-07-23',NULL,'','2019-07-23','sachin',99,0.00,NULL,0.00,0.00,0.00,0.00,0,0.00,0.00,0.00,0.00,0.00,0.00,NULL),(140807,NULL,'Deleted','2019-06-03','Arvind chaturvedi',17,5,2926,2925,2926,2926,1075,1076,100.00,NULL,0.00,'2019-08-09',26724,'2019-05-31',0.00,'UTR000abch234','',40,100.00,0,0.00,0.00,0.00,NULL,0.00,NULL,'',NULL,'Rate Amount',0.02,0.10,0.10,18.00,100.00,NULL,NULL,NULL,NULL,NULL,NULL,'Rate Options',NULL,'sachin',99,0.00,NULL,10.00,0.00,0.00,0.00,0,0.00,10.00,0.00,0.00,0.00,0.00,NULL),(140808,NULL,'Deleted','2019-06-03','',17,NULL,2926,2925,2926,2926,1075,1076,NULL,NULL,0.00,NULL,26724,NULL,NULL,'',NULL,0,NULL,0,0.00,0.00,0.00,NULL,0.00,NULL,'',NULL,'Select Rate',NULL,0.00,0.00,18.00,0.00,NULL,NULL,NULL,NULL,NULL,NULL,'',NULL,'sachin',99,0.00,NULL,0.00,0.00,0.00,0.00,0,0.00,0.00,0.00,0.00,0.00,0.00,NULL),(140809,NULL,'Deleted','2019-06-03','',17,NULL,2926,2925,2926,2926,1075,1076,NULL,NULL,0.00,NULL,26724,NULL,NULL,'',NULL,0,NULL,0,0.00,0.00,0.00,NULL,0.00,NULL,'',NULL,'Select Rate',NULL,0.00,0.00,18.00,0.00,NULL,NULL,NULL,NULL,NULL,NULL,'',NULL,'sachin',99,0.00,NULL,0.00,0.00,0.00,0.00,0,0.00,0.00,0.00,0.00,0.00,0.00,NULL),(140810,NULL,'Deleted','2019-06-03','',17,NULL,2926,2925,2926,2926,1075,1074,NULL,NULL,0.00,NULL,26724,NULL,NULL,'',NULL,0,NULL,0,0.00,0.00,0.00,NULL,0.00,NULL,'',NULL,'Select Rate',NULL,0.00,0.00,18.00,0.00,NULL,NULL,NULL,NULL,NULL,NULL,'',NULL,'sachin',99,0.00,NULL,0.00,0.00,0.00,0.00,0,0.00,0.00,0.00,0.00,0.00,0.00,NULL),(140811,NULL,'Deleted','2019-06-03','',17,5,2926,2925,2926,2926,1075,1073,NULL,NULL,0.00,NULL,26724,NULL,NULL,'',NULL,0,NULL,0,0.00,0.00,0.00,NULL,0.00,NULL,'',NULL,'Select Rate',NULL,0.00,0.00,18.00,0.00,NULL,NULL,NULL,NULL,NULL,NULL,'',NULL,'sachin',99,0.00,NULL,0.00,0.00,0.00,0.00,0,0.00,0.00,0.00,0.00,0.00,0.00,NULL),(140812,NULL,'Deleted','2019-06-03','',17,NULL,2921,2922,2922,2921,1072,1076,NULL,NULL,0.00,NULL,26719,NULL,NULL,'',NULL,0,NULL,0,0.00,0.00,0.00,NULL,0.00,NULL,'',NULL,'Select Rate',NULL,0.00,0.00,18.00,0.00,NULL,NULL,NULL,NULL,NULL,NULL,'',NULL,'sachin',99,0.00,NULL,0.00,0.00,0.00,0.00,0,0.00,0.00,0.00,0.00,0.00,0.00,NULL),(140813,NULL,'Deleted','2019-06-03','',17,NULL,2921,2922,2922,2921,1072,1076,NULL,NULL,0.00,NULL,26719,NULL,NULL,'',NULL,0,NULL,0,0.00,0.00,0.00,NULL,0.00,NULL,'',NULL,'Select Rate',NULL,0.00,0.00,18.00,0.00,NULL,NULL,NULL,NULL,NULL,NULL,'',NULL,'sachin',99,0.00,NULL,0.00,0.00,0.00,0.00,0,0.00,0.00,0.00,0.00,0.00,0.00,NULL),(140814,NULL,'Deleted','2019-06-03','',17,NULL,2926,2925,2926,2926,1075,1076,NULL,NULL,0.00,NULL,26724,NULL,NULL,'',NULL,0,NULL,0,0.00,0.00,0.00,NULL,0.00,NULL,'',NULL,'Select Rate',NULL,0.00,0.00,18.00,0.00,NULL,NULL,NULL,NULL,NULL,NULL,'',NULL,'sachin',99,0.00,NULL,0.00,0.00,0.00,0.00,0,0.00,0.00,0.00,0.00,0.00,0.00,NULL),(140815,NULL,'Deleted','2019-06-05','biander',5,5,2927,2927,2927,2927,1074,1074,NULL,NULL,0.00,NULL,26725,NULL,NULL,'',NULL,0,NULL,0,0.00,0.00,0.00,NULL,0.00,NULL,'',NULL,'Select Rate',NULL,0.00,0.00,18.00,0.00,NULL,NULL,NULL,NULL,NULL,NULL,'',NULL,'sachin',99,0.00,NULL,0.00,0.00,0.00,0.00,0,0.00,0.00,0.00,0.00,0.00,0.00,NULL),(140816,NULL,'Deleted','2019-06-05','Arvind chaturvedi',5,26,2927,2927,2927,2927,1074,1074,100.00,499900.00,0.00,NULL,26725,NULL,NULL,'23223423',NULL,0,NULL,0,0.00,0.00,0.00,NULL,0.00,NULL,'',NULL,'Select Rate',NULL,0.00,0.00,18.00,100.00,NULL,NULL,NULL,NULL,NULL,NULL,'',NULL,'sachin',99,0.00,NULL,0.00,0.00,0.00,0.00,0,0.00,0.00,0.00,0.00,0.00,0.00,NULL),(140821,NULL,'Transactions Authorised','2019-05-23','Bijender Dheman',5,17,2923,2924,2923,2923,1072,1072,90000.00,200000.00,13.50,'2019-07-01',26721,'2019-07-03',0.00,'548746698','BOI012456',3,89232.00,15,10.00,99.86,100.00,0.00,369.86,768.00,NULL,'done',NULL,NULL,NULL,NULL,NULL,90000.00,'2019-08-09',369.86,NULL,NULL,'2019-08-10','10145588','Rate Options',NULL,'sachin',9,0.00,1,10.00,NULL,NULL,NULL,NULL,NULL,10.00,100.00,100.00,NULL,NULL,NULL),(140822,NULL,'Deleted','2019-06-20','Raj Kumar',5,55,2930,2931,2930,2930,1079,1079,1000.00,99000.00,100.00,'2019-06-21',26727,'2019-06-20',0.00,'UTTTT000221','REF00005',100,224.00,100,100.00,273.97,10.00,20.00,273.97,776.00,'','Completed','Select Rate',NULL,0.00,0.00,18.00,1000.00,NULL,NULL,NULL,NULL,'2019-08-13',NULL,'Rate Options','2019-06-20','admin',99,0.00,NULL,100.00,0.00,0.00,0.00,0,0.00,100.00,200.00,0.00,0.00,0.00,NULL),(140823,NULL,'Margin Money - Unpaid','2019-05-23','Arvind chaturvedi',5,56,2923,2924,2923,2923,1072,1072,1000.00,200000.00,11.00,'2019-08-16',26721,'2018-09-09',0.00,'232234234','BAN00124550101',341,599.00,20,15.00,102.77,100.00,0.00,8.22,311.00,NULL,'donews',NULL,NULL,NULL,NULL,NULL,910.00,NULL,NULL,NULL,NULL,'2019-08-29',NULL,'Rate Options',NULL,'sachin',11,0.00,NULL,100.00,NULL,NULL,NULL,NULL,NULL,10.00,1.00,100.00,NULL,NULL,NULL),(140830,NULL,'Confirmation Received','2019-06-20','',17,22,2931,2930,2931,2931,1079,1079,1000.00,1999000.00,0.00,NULL,26728,NULL,10.00,'UTI000001568',NULL,0,1000.00,0,0.00,0.00,0.00,NULL,0.00,NULL,'',NULL,'Select Rate',NULL,0.00,0.00,18.00,1000.00,NULL,NULL,NULL,NULL,'2019-08-29','151245544','','2019-06-20','admin',3,0.00,1,100.00,0.00,0.00,0.00,0,0.00,100.00,0.00,0.00,0.00,0.00,NULL),(140831,NULL,'Deleted','2019-06-26','',5,46,2919,2920,2919,2919,1070,1069,800000.00,8524040.00,0.00,'2019-06-27',26718,'2019-06-25',8000.00,'',NULL,2,NULL,0,0.00,0.00,0.00,NULL,0.00,NULL,'',NULL,'Annual Rate',NULL,0.00,0.00,18.00,1700000.00,NULL,NULL,NULL,NULL,NULL,NULL,'',NULL,'admin',99,0.00,NULL,0.00,0.00,0.00,0.00,0,0.00,900000.00,0.00,0.00,0.00,0.00,NULL),(140832,NULL,'Deleted','2019-06-26','Arvind chaturvedi',22,36,2927,2927,2927,2927,1070,1069,NULL,NULL,0.00,NULL,26733,NULL,NULL,'','',0,NULL,0,0.00,0.00,0.00,NULL,0.00,NULL,'',NULL,'Select Rate',NULL,0.00,0.00,18.00,0.00,NULL,NULL,NULL,NULL,NULL,NULL,'Rate Options',NULL,'sachin',99,0.00,NULL,0.00,0.00,0.00,0.00,0,0.00,0.00,0.00,0.00,0.00,0.00,NULL),(140836,NULL,'Deleted','2019-06-26','',5,22,2919,2920,2919,2919,1070,1077,NULL,NULL,0.00,NULL,26718,NULL,NULL,'',NULL,0,NULL,0,0.00,0.00,0.00,NULL,0.00,NULL,'',NULL,'Select Rate',NULL,0.00,0.00,18.00,0.00,NULL,NULL,NULL,NULL,NULL,NULL,'',NULL,'sachin',99,0.00,NULL,0.00,0.00,0.00,0.00,0,0.00,0.00,0.00,0.00,0.00,0.00,NULL),(140837,NULL,'Deleted','2019-06-26','',27,NULL,2923,2924,2923,2923,1072,1072,NULL,NULL,0.00,NULL,26721,NULL,NULL,'',NULL,0,NULL,0,0.00,0.00,0.00,NULL,0.00,NULL,'',NULL,'Select Rate',NULL,0.00,0.00,18.00,0.00,NULL,NULL,NULL,NULL,NULL,NULL,'',NULL,'sachin',99,0.00,NULL,0.00,0.00,0.00,0.00,0,0.00,0.00,0.00,0.00,0.00,0.00,NULL),(140839,NULL,'Deleted','2019-06-27','Raj Kumar',5,48,2930,2931,2930,2930,1079,1079,1000000.00,4000000.00,0.00,NULL,26735,NULL,100.00,'IT458478747',NULL,0,1000000.00,0,0.00,0.00,0.00,NULL,0.00,NULL,'',NULL,'Select Rate',NULL,0.00,0.00,18.00,1000000.00,NULL,NULL,NULL,NULL,'2019-06-28',NULL,'','2019-06-27','admin',99,0.00,NULL,100.00,0.00,0.00,0.00,0,0.00,100.00,0.00,0.00,0.00,0.00,NULL),(140859,NULL,'Deleted','2019-07-08','',5,22,2919,2920,2919,2919,1070,1073,NULL,NULL,0.00,NULL,26718,NULL,NULL,'',NULL,0,NULL,0,0.00,0.00,0.00,NULL,0.00,NULL,'',NULL,'Select Rate',NULL,0.00,0.00,18.00,0.00,NULL,NULL,NULL,NULL,NULL,NULL,'',NULL,'admin',99,0.00,NULL,0.00,0.00,0.00,0.00,0,0.00,0.00,0.00,0.00,0.00,0.00,NULL),(140862,NULL,'Deleted','2019-07-08','',35,48,2932,2932,2932,2932,1080,1080,NULL,NULL,0.00,NULL,26734,NULL,NULL,'',NULL,0,NULL,0,0.00,0.00,0.00,NULL,0.00,NULL,'',NULL,'Select Rate',NULL,0.00,0.00,18.00,0.00,NULL,NULL,NULL,NULL,'2019-08-24',NULL,'','2019-07-16','admin',99,0.00,NULL,0.00,0.00,0.00,0.00,0,0.00,0.00,0.00,0.00,0.00,0.00,NULL),(140863,NULL,'Deleted','2019-07-09','',17,17,2914,2915,2914,2914,1067,1067,NULL,NULL,0.00,NULL,26717,NULL,NULL,'',NULL,0,NULL,0,0.00,0.00,0.00,NULL,0.00,NULL,'',NULL,'Select Rate',NULL,0.00,0.00,18.00,0.00,NULL,NULL,NULL,NULL,NULL,NULL,'',NULL,'sachin',99,0.00,NULL,0.00,0.00,0.00,0.00,0,0.00,0.00,0.00,0.00,0.00,0.00,NULL),(140864,NULL,'Deleted','2019-07-12','',35,48,2932,2932,2932,2932,1080,1080,NULL,NULL,0.00,NULL,26734,NULL,NULL,'',NULL,0,NULL,0,0.00,0.00,0.00,NULL,0.00,NULL,'',NULL,'Select Rate',NULL,0.00,0.00,18.00,0.00,NULL,NULL,NULL,NULL,'2019-08-13',NULL,'','2019-07-15','admin',99,0.00,NULL,0.00,0.00,0.00,0.00,0,0.00,0.00,0.00,0.00,0.00,0.00,NULL),(140865,NULL,'Margin Money - Unpaid','2019-07-12','Raj Kumar',17,5,2935,2936,2935,2935,1083,1084,100.00,900.00,13.50,'2019-09-19',26737,'2019-07-15',0.00,'AX0001245','BOII002',66,74.00,15,100.00,2.44,10.00,0.00,4.11,26.00,'Done','Done','Annual Rate',0.01,0.15,0.03,18.00,100.00,'2019-08-04',7.11,'011022','2019-08-05','2019-08-23','101','Rate Options','2019-07-12','admin',11,0.00,1,1.00,0.00,0.00,0.00,0,0.00,1.00,10.00,0.00,0.00,0.00,NULL),(140866,NULL,'Confirmation Awaited','2019-07-12','Bijender',35,48,2932,2936,2932,2932,1074,1074,100.00,900.00,0.00,NULL,26739,NULL,0.00,'KOI00012345','',0,100.00,0,0.00,0.00,0.00,NULL,0.00,NULL,'',NULL,'Select Rate',NULL,0.00,0.00,18.00,100.00,NULL,NULL,NULL,NULL,'2019-08-13',NULL,'Rate Options','2019-07-12','admin',2,0.00,NULL,0.00,0.00,0.00,0.00,0,0.00,0.00,0.00,0.00,0.00,0.00,NULL),(140867,NULL,'Transactions Authorised','2019-07-12','Raj Kumar',17,5,2935,2936,2935,2935,1083,1084,100.00,900.00,10.00,'2019-08-31',26737,'2019-08-03',0.00,'AX0001245','Bnk0012345',10,80.00,10,13.50,0.27,10.00,0.00,0.37,20.00,NULL,'done',NULL,NULL,NULL,NULL,NULL,100.00,NULL,NULL,NULL,NULL,'2019-08-03',NULL,'Rate Options',NULL,'admin',9,0.00,NULL,100.00,NULL,NULL,NULL,NULL,NULL,100.00,10.00,0.00,NULL,NULL,NULL),(140868,NULL,'Deleted','2019-07-15','',5,51,2932,2935,2932,2932,1084,1084,2000.00,98000.00,0.00,NULL,26738,NULL,NULL,'',NULL,0,NULL,0,0.00,0.00,0.00,NULL,0.00,NULL,'',NULL,'Select Rate',NULL,0.00,0.00,18.00,2000.00,NULL,NULL,NULL,NULL,'2019-08-30',NULL,'','2019-07-23','admin',99,0.00,NULL,0.00,0.00,0.00,0.00,0,0.00,0.00,0.00,0.00,0.00,0.00,NULL),(140869,NULL,'Deleted','2019-07-16','',5,NULL,2932,2932,2932,2932,1080,1080,1000.00,499999000.00,0.00,NULL,26734,NULL,NULL,'',NULL,0,NULL,0,0.00,0.00,0.00,NULL,0.00,NULL,'',NULL,'Select Rate',NULL,0.00,0.00,18.00,1000.00,NULL,NULL,NULL,NULL,'2019-07-16',NULL,'','2019-07-16','sachin',99,0.00,NULL,0.00,0.00,0.00,0.00,0,0.00,0.00,0.00,0.00,0.00,0.00,NULL),(140870,NULL,'Transactions Authorised','2019-07-16','Bijender',17,5,2935,2934,2934,2935,1083,1084,100.00,1500.00,10.00,'2019-07-30',26740,'2019-07-17',0.00,'KKK000123','BB0012345',25,0.00,10,13.50,0.68,0.00,100.00,0.37,100.00,'','Done','Select Rate',NULL,0.00,0.00,18.00,100.00,NULL,NULL,NULL,NULL,'2019-08-05',NULL,'Rate Options','2019-07-16','admin',9,0.00,NULL,10.00,0.00,0.00,0.00,0,0.00,10.00,0.00,0.00,0.00,0.00,NULL),(140871,NULL,'Deleted','2019-07-16','Atif M',5,17,2932,2932,2932,2932,1080,1080,20000.00,499979000.00,0.00,'2019-07-17',26734,NULL,NULL,'',NULL,0,NULL,0,0.00,0.00,0.00,NULL,0.00,NULL,'',NULL,'Select Rate',NULL,0.00,0.00,18.00,20000.00,NULL,NULL,NULL,NULL,'2019-08-30',NULL,'','2019-07-16','admin',99,0.00,NULL,0.00,0.00,0.00,0.00,0,0.00,0.00,0.00,0.00,0.00,0.00,NULL),(140872,NULL,'Deleted','2019-07-17','Raj Kumar',17,5,2922,2936,2922,2922,1083,1074,10000.00,90000.00,0.00,'2019-07-29',26741,'2019-07-22',100.00,'BBBBB00123',NULL,7,9910.00,0,0.00,0.00,0.00,NULL,0.00,0.00,'',NULL,'Select Rate',NULL,0.00,0.00,18.00,9910.00,NULL,NULL,NULL,NULL,'2019-07-17',NULL,'','2019-07-17','admin',99,0.00,NULL,100.00,0.00,0.00,0.00,0,0.00,10.00,0.00,0.00,0.00,0.00,NULL),(140873,NULL,'Unpaid Due Dates','2019-05-29','Bijender',56,5,2926,2923,2926,2926,1075,1073,100.00,NULL,10.00,'2019-07-31',26722,'2019-07-19',0.00,'Toi012456','ref124578',7,90.00,7,13.00,0.19,0.00,0.00,0.25,10.00,NULL,'Done',NULL,NULL,NULL,NULL,NULL,100.00,NULL,NULL,NULL,NULL,'2019-08-23',NULL,'Rate Options',NULL,'admin',10,0.00,NULL,0.00,NULL,NULL,NULL,NULL,NULL,0.00,10.00,0.00,NULL,NULL,NULL),(140874,NULL,'Billed','2019-05-29','Bijender',17,5,2926,2923,2926,2926,1075,1073,100.00,NULL,10.00,'2019-09-30',26722,'2019-07-29',92.00,'Toi012456','BAN0012455',63,-12.00,10,13.50,1.73,100.00,1.00,0.37,104.00,'done','Done','Annual Rate',0.31,10.00,1.73,NULL,92.00,'2019-08-17',10.37,'586958','2019-08-17','2019-08-19','41454','Rate Options',NULL,NULL,15,100.00,1,10.00,NULL,NULL,NULL,NULL,100.00,2.00,1.00,1.00,NULL,NULL,NULL),(140875,NULL,'Deleted','2019-05-29','Bijender',17,NULL,2926,2923,2926,2926,1075,1073,100.00,NULL,NULL,NULL,26722,NULL,NULL,'Toi012456',NULL,NULL,NULL,NULL,NULL,NULL,NULL,NULL,NULL,NULL,NULL,NULL,NULL,NULL,NULL,NULL,NULL,NULL,NULL,NULL,NULL,NULL,'2019-08-23',NULL,NULL,NULL,NULL,99,NULL,NULL,NULL,NULL,NULL,NULL,NULL,NULL,NULL,NULL,NULL,NULL,NULL,NULL),(140876,NULL,'Transactions Disbursed','2019-07-19','Bijender',5,17,2937,2938,2937,2937,1085,1085,1000.00,99000.00,10.00,'2019-08-19',26742,'2019-07-20',0.00,'SBI000001','3434',365,289.00,25,2.13,100.00,10.00,10.00,1.46,721.00,'','asdfasf','Rate Amount',0.27,0.15,1.50,18.00,1010.00,NULL,NULL,NULL,NULL,'2019-08-13','ILC-17-18-242','Rate Options','2019-07-19','admin',6,0.00,1,0.00,0.00,0.00,0.00,0,0.00,10.00,100.00,500.00,0.00,0.00,NULL),(140877,NULL,'Billed','2019-07-31','Shubham',57,55,2940,2939,2940,2940,1088,1069,10000.00,100000.00,10.00,'2019-09-30',26744,'2019-08-17',0.00,'UTR001234567','ref1248579',44,9508.00,20,13.15,120.55,100.00,100.00,72.05,402.00,'done123','done','Annual Rate',54.25,25.00,301.37,18.00,9910.00,'2019-08-19',972.05,'123235','2019-08-19','2019-08-16','87948','Rate Options','2019-07-31','admin',15,0.00,1,100.00,0.00,0.00,0.00,0,0.00,10.00,0.00,10.00,0.00,0.00,NULL),(140884,NULL,'Deleted','2019-08-01','',17,5,2939,2940,2939,2939,1083,1085,NULL,NULL,0.00,NULL,26743,NULL,NULL,'',NULL,0,NULL,0,0.00,0.00,0.00,NULL,0.00,NULL,'',NULL,'Select Rate',NULL,0.00,0.00,18.00,0.00,NULL,NULL,NULL,NULL,NULL,NULL,'',NULL,'sachin',99,0.00,NULL,0.00,0.00,0.00,0.00,0,0.00,0.00,0.00,0.00,0.00,0.00,NULL),(140885,NULL,'Deleted','2019-08-01','Kumar',17,5,2939,2940,2939,2939,1087,1073,100000.00,NULL,0.00,NULL,26743,NULL,0.00,'TYT0000912','',0,100000.00,0,0.00,0.00,0.00,NULL,0.00,NULL,'',NULL,'Select Rate',NULL,0.00,0.00,18.00,100000.00,NULL,NULL,NULL,NULL,'2019-08-30',NULL,'Rate Options','2019-08-01','sachin',99,0.00,NULL,0.00,0.00,0.00,0.00,0,0.00,0.00,0.00,0.00,0.00,0.00,NULL),(140886,NULL,'Deleted','2019-08-01','',17,5,2939,2940,2939,2939,1087,1067,NULL,NULL,0.00,NULL,26743,NULL,NULL,'',NULL,0,NULL,0,0.00,0.00,0.00,NULL,0.00,NULL,'',NULL,'Select Rate',NULL,0.00,0.00,18.00,0.00,NULL,NULL,NULL,NULL,NULL,NULL,'',NULL,'sachin',99,0.00,NULL,0.00,0.00,0.00,0.00,0,0.00,0.00,0.00,0.00,0.00,0.00,NULL),(140887,NULL,'Deleted','2019-08-01','Kumar',17,5,2939,2940,2939,2939,1087,1079,100000.00,400000.00,0.00,NULL,26743,NULL,100.00,'UKT123356',NULL,0,100000.00,0,0.00,0.00,0.00,NULL,0.00,0.00,'',NULL,'Select Rate',NULL,0.00,0.00,18.00,100000.00,NULL,NULL,NULL,NULL,NULL,NULL,'',NULL,'admin',99,0.00,NULL,100.00,0.00,0.00,0.00,0,0.00,100.00,0.00,0.00,0.00,0.00,NULL),(140888,NULL,'Transactions Authorised','2019-07-16','Bijender',17,NULL,2935,2934,2934,2935,1083,1084,100.00,1500.00,NULL,NULL,26740,'2018-09-09',NULL,'KKK000123',NULL,NULL,NULL,NULL,NULL,NULL,NULL,NULL,NULL,NULL,NULL,NULL,NULL,NULL,NULL,NULL,NULL,NULL,NULL,NULL,NULL,NULL,'2019-08-05',NULL,NULL,NULL,'admin',9,0.00,NULL,NULL,NULL,NULL,NULL,NULL,NULL,NULL,NULL,NULL,NULL,NULL,NULL),(140889,NULL,'Deleted','2019-08-02','Kumar',17,5,2935,2934,2934,2935,1083,1080,100.00,1800.00,0.00,NULL,26740,NULL,0.00,'uktre00099823',NULL,0,100.00,0,0.00,0.00,0.00,NULL,0.00,NULL,'',NULL,'Select Rate',NULL,0.00,0.00,18.00,100.00,NULL,NULL,NULL,NULL,NULL,NULL,'',NULL,'admin',99,0.00,NULL,0.00,0.00,0.00,0.00,0,0.00,0.00,0.00,0.00,0.00,0.00,NULL),(140890,NULL,'Deleted','2019-08-02','',5,17,2937,2938,2937,2937,1085,1090,100.00,98900.00,0.00,NULL,26742,NULL,NULL,'UTR100011',NULL,0,NULL,0,0.00,0.00,0.00,NULL,0.00,NULL,'',NULL,'Select Rate',NULL,0.00,0.00,18.00,100.00,NULL,NULL,NULL,NULL,NULL,NULL,'',NULL,'sachin',99,0.00,NULL,0.00,0.00,0.00,0.00,0,0.00,0.00,0.00,0.00,0.00,0.00,NULL),(140891,NULL,'Deleted','2019-08-02','',5,NULL,2923,2924,2923,2923,1072,1072,NULL,NULL,0.00,NULL,26721,NULL,NULL,'',NULL,0,NULL,0,0.00,0.00,0.00,NULL,0.00,NULL,'',NULL,'Select Rate',NULL,0.00,0.00,18.00,0.00,NULL,NULL,NULL,NULL,NULL,NULL,'',NULL,'sachin',99,0.00,NULL,0.00,0.00,0.00,0.00,0,0.00,0.00,0.00,0.00,0.00,0.00,NULL),(140892,NULL,'Deleted','2019-08-02','',17,NULL,2921,2922,2922,2921,1072,1072,NULL,NULL,0.00,NULL,26719,NULL,NULL,'',NULL,0,NULL,0,0.00,0.00,0.00,NULL,0.00,NULL,'',NULL,'Select Rate',NULL,0.00,0.00,18.00,0.00,NULL,NULL,NULL,NULL,NULL,NULL,'',NULL,'sachin',99,0.00,NULL,0.00,0.00,0.00,0.00,0,0.00,0.00,0.00,0.00,0.00,0.00,NULL),(140893,NULL,'Deleted','2019-08-02','',17,NULL,2921,2922,2922,2921,1072,1072,NULL,NULL,0.00,NULL,26719,NULL,NULL,'',NULL,0,NULL,0,0.00,0.00,0.00,NULL,0.00,NULL,'',NULL,'Select Rate',NULL,0.00,0.00,18.00,0.00,NULL,NULL,NULL,NULL,NULL,NULL,'',NULL,'sachin',99,0.00,NULL,0.00,0.00,0.00,0.00,0,0.00,0.00,0.00,0.00,0.00,0.00,NULL),(140894,NULL,'Deleted','2019-08-02','',17,NULL,2914,2915,2914,2914,1067,1067,NULL,NULL,0.00,NULL,26717,NULL,NULL,'',NULL,0,NULL,0,0.00,0.00,0.00,NULL,0.00,NULL,'',NULL,'Select Rate',NULL,0.00,0.00,18.00,0.00,NULL,NULL,NULL,NULL,NULL,NULL,'',NULL,'sachin',99,0.00,NULL,0.00,0.00,0.00,0.00,0,0.00,0.00,0.00,0.00,0.00,0.00,NULL),(140895,NULL,'Forwarding Letter','2019-08-02','',5,NULL,2941,2942,2941,2941,1089,1067,NULL,NULL,0.00,NULL,26745,NULL,NULL,'',NULL,0,NULL,0,0.00,0.00,0.00,NULL,0.00,NULL,'',NULL,'Select Rate',NULL,0.00,0.00,18.00,0.00,NULL,NULL,NULL,NULL,'2019-08-30',NULL,'','2019-08-30','sachin',1,0.00,NULL,0.00,0.00,0.00,0.00,0,0.00,0.00,0.00,0.00,0.00,0.00,NULL),(140896,NULL,'Deleted','2019-08-02','Mahesh Kumar',5,55,2940,2939,2940,2940,1088,1066,1000.00,99000.00,0.00,NULL,26748,NULL,NULL,'utr12909129323',NULL,0,1000.00,0,0.00,0.00,0.00,NULL,0.00,NULL,'',NULL,'Select Rate',NULL,0.00,0.00,18.00,1000.00,NULL,NULL,NULL,NULL,'2019-08-30',NULL,'','2019-08-02','admin',99,0.00,NULL,10.00,0.00,0.00,0.00,0,0.00,10.00,0.00,0.00,0.00,0.00,NULL),(140897,NULL,'Deleted','2019-08-02','',5,57,2923,2924,2923,2923,1072,1072,NULL,NULL,0.00,NULL,26721,NULL,NULL,'',NULL,0,NULL,0,0.00,0.00,0.00,NULL,0.00,NULL,'',NULL,'Select Rate',NULL,0.00,0.00,18.00,0.00,NULL,NULL,NULL,NULL,NULL,NULL,'',NULL,'sachin',99,0.00,NULL,0.00,0.00,0.00,0.00,0,0.00,0.00,0.00,0.00,0.00,0.00,NULL),(140902,NULL,'Deleted','2019-08-02','',5,55,2940,2939,2940,2940,1088,1074,NULL,NULL,0.00,NULL,26744,NULL,NULL,'',NULL,0,NULL,0,0.00,0.00,0.00,NULL,0.00,NULL,'',NULL,'Select Rate',NULL,0.00,0.00,18.00,0.00,NULL,NULL,NULL,NULL,NULL,NULL,'',NULL,'sachin',99,0.00,NULL,0.00,0.00,0.00,0.00,0,0.00,0.00,0.00,0.00,0.00,0.00,NULL),(140903,NULL,'Transactions Authorised','2019-08-02','SURESH KUMAR',17,56,2946,2947,2947,2946,1091,1092,1118404.00,0.00,0.00,'2019-10-13',26749,'2019-08-02',0.00,'0',NULL,72,1118404.00,0,0.00,0.00,0.00,0.00,0.00,0.00,'',NULL,'Select Rate',NULL,0.00,0.00,18.00,1118404.00,NULL,NULL,NULL,NULL,'2019-08-22',NULL,'','2019-08-02','admin',9,0.00,NULL,0.00,0.00,0.00,0.00,0,0.00,0.00,0.00,0.00,0.00,0.00,NULL),(140904,NULL,'New Transactions','2019-08-02','SURESH KUMAR',5,57,2950,2948,2948,2950,1093,1094,1819322.00,1057235.00,0.00,'2019-10-21',26750,'2019-08-02',NULL,'',NULL,80,1819322.00,0,0.00,0.00,0.00,NULL,0.00,NULL,'',NULL,'Select Rate',NULL,0.00,0.00,18.00,1819322.00,NULL,NULL,NULL,NULL,'2019-08-30',NULL,'','2019-08-02','Amit Kumar',0,0.00,NULL,0.00,0.00,0.00,0.00,0,0.00,0.00,0.00,0.00,0.00,0.00,NULL),(140905,NULL,'New Transactions','2019-08-02','SURESH KUMAR',5,57,2950,2948,2948,2950,1093,1094,100000.00,957235.00,0.00,'2019-10-23',26750,'2019-08-02',0.00,'0',NULL,82,100000.00,0,0.00,0.00,0.00,NULL,0.00,0.00,'',NULL,'Select Rate',NULL,0.00,0.00,18.00,100000.00,NULL,NULL,NULL,NULL,NULL,NULL,'',NULL,'Amit Kumar',0,0.00,NULL,0.00,0.00,0.00,0.00,0,0.00,0.00,0.00,0.00,0.00,0.00,NULL),(140906,NULL,'Deleted','2019-08-02','',5,57,2950,2948,2948,2950,1093,1077,NULL,NULL,0.00,NULL,26750,NULL,NULL,'',NULL,0,NULL,0,0.00,0.00,0.00,NULL,0.00,NULL,'',NULL,'Select Rate',NULL,0.00,0.00,18.00,0.00,NULL,NULL,NULL,NULL,NULL,NULL,'',NULL,'sachin',99,0.00,NULL,0.00,0.00,0.00,0.00,0,0.00,0.00,0.00,0.00,0.00,0.00,NULL),(140909,NULL,'Transactions Authorised','2019-05-29','Mahesh Kumar',17,NULL,2921,2922,2922,2921,1072,1072,1000.00,NULL,NULL,NULL,26719,'2018-09-09',NULL,'UTR090909','',NULL,NULL,NULL,NULL,NULL,NULL,NULL,NULL,NULL,NULL,NULL,NULL,NULL,NULL,NULL,NULL,NULL,NULL,NULL,NULL,NULL,'2019-08-20',NULL,'Rate Options',NULL,'sachin',9,0.00,NULL,NULL,NULL,NULL,NULL,NULL,NULL,NULL,NULL,NULL,NULL,NULL,NULL),(140912,NULL,'Deleted','2019-07-12','Raj Kumar',17,5,2935,2936,2935,2935,1083,1084,100.00,900.00,2.50,'2020-08-20',26737,'2019-08-20',211.73,'AX0001245','',366,211.73,365,1.25,5.52,NULL,NULL,2.75,8.27,NULL,NULL,'Rate Amount',360.00,2000.00,2000.00,NULL,220.00,NULL,NULL,NULL,NULL,'2019-08-12','ILC-19-20-734','Rate Options',NULL,NULL,99,NULL,1,NULL,NULL,NULL,NULL,NULL,NULL,120.00,NULL,NULL,NULL,NULL,NULL),(140913,NULL,'Margin Money - Unpaid','2019-07-12','Raj Kumar',17,5,2935,2936,2935,2935,1083,1084,100.00,900.00,10.00,'2019-09-20',26737,'2019-08-15',NULL,'AX0001245','ref154244',36,117.00,60,13.50,0.99,10.00,50.00,2.22,73.00,NULL,'done','Rate Amount',0.90,5.00,5.00,NULL,190.00,'2019-08-17',2.22,'1524514',NULL,'2019-08-23',NULL,'Rate Options',NULL,NULL,11,0.00,NULL,10.00,NULL,NULL,NULL,NULL,0.00,100.00,10.00,1.00,NULL,NULL,NULL),(140914,NULL,'Deleted','2019-05-22','Arvind',17,NULL,2914,2915,2914,2914,1067,1067,2503.84,25064380.00,NULL,NULL,26717,NULL,NULL,'SIBLR 5 2019 05 20 000 25478',NULL,NULL,NULL,NULL,NULL,NULL,NULL,NULL,NULL,NULL,NULL,NULL,NULL,NULL,NULL,NULL,NULL,NULL,NULL,NULL,NULL,NULL,'2019-08-12',NULL,NULL,NULL,NULL,99,NULL,NULL,NULL,NULL,NULL,NULL,NULL,NULL,NULL,NULL,NULL,NULL,NULL,NULL),(140915,NULL,'Margin Money - Unpaid','2019-05-22','Arvind',17,17,2914,2915,2914,2914,1067,1067,2503.84,25064380.00,10.00,'2019-09-28',26717,'2019-08-20',0.00,'SIBLR 5 2019 05 20 000 25478','ref909834',39,2418.00,60,13.50,26.75,1.00,1.00,55.56,85.00,NULL,'done',NULL,NULL,NULL,NULL,NULL,2503.00,'2019-08-23',64.56,'123543',NULL,'2019-08-23',NULL,'Rate Options',NULL,NULL,11,NULL,NULL,0.00,NULL,NULL,NULL,NULL,NULL,0.00,1.00,1.00,NULL,NULL,NULL),(140916,NULL,'Deleted','2019-07-16','Bijender',17,NULL,2935,2934,2934,2935,1083,1084,100.00,1500.00,NULL,NULL,26740,NULL,NULL,'KKK000123',NULL,NULL,NULL,NULL,NULL,NULL,NULL,NULL,NULL,NULL,NULL,NULL,NULL,NULL,NULL,NULL,NULL,NULL,NULL,NULL,NULL,NULL,'2019-08-19',NULL,NULL,NULL,NULL,99,NULL,NULL,NULL,NULL,NULL,NULL,NULL,NULL,NULL,NULL,NULL,NULL,NULL,NULL),(140917,NULL,'Deleted','2019-07-16','Bijender',17,NULL,2935,2934,2934,2935,1083,1084,100.00,1500.00,NULL,NULL,26740,NULL,NULL,'KKK000123',NULL,NULL,NULL,NULL,NULL,NULL,NULL,NULL,NULL,NULL,NULL,NULL,NULL,NULL,NULL,NULL,NULL,NULL,NULL,NULL,NULL,NULL,'2019-08-23',NULL,NULL,NULL,NULL,99,NULL,NULL,NULL,NULL,NULL,NULL,NULL,NULL,NULL,NULL,NULL,NULL,NULL,NULL),(140918,NULL,'Deleted','2019-05-23','Arvind chaturvedi',27,NULL,2923,2924,2923,2923,1072,1072,100.00,200000.00,NULL,NULL,26721,NULL,NULL,'232234234',NULL,NULL,NULL,NULL,NULL,NULL,NULL,NULL,NULL,NULL,NULL,NULL,NULL,NULL,NULL,NULL,NULL,NULL,NULL,NULL,NULL,NULL,'2019-08-13',NULL,NULL,NULL,NULL,99,NULL,NULL,NULL,NULL,NULL,NULL,NULL,NULL,NULL,NULL,NULL,NULL,NULL,NULL),(140919,NULL,'Deleted','2019-05-23','Arvind chaturvedi',27,NULL,2923,2924,2923,2923,1072,1072,100.00,200000.00,NULL,NULL,26721,NULL,NULL,'232234234',NULL,NULL,NULL,NULL,NULL,NULL,NULL,NULL,NULL,NULL,NULL,NULL,NULL,NULL,NULL,NULL,NULL,NULL,NULL,NULL,NULL,NULL,'2019-08-23',NULL,NULL,NULL,NULL,99,NULL,NULL,NULL,NULL,NULL,NULL,NULL,NULL,NULL,NULL,NULL,NULL,NULL,NULL),(140930,NULL,'Deleted','2019-08-05','',17,NULL,2939,2940,2939,2939,1087,1085,NULL,NULL,0.00,NULL,26743,NULL,NULL,'',NULL,0,NULL,0,0.00,0.00,0.00,NULL,0.00,NULL,'',NULL,'Select Rate',NULL,0.00,0.00,18.00,0.00,NULL,NULL,NULL,NULL,NULL,NULL,'',NULL,'sachin',99,0.00,NULL,0.00,0.00,0.00,0.00,0,0.00,0.00,0.00,0.00,0.00,0.00,NULL),(140934,NULL,'Deleted','2019-07-16','Bijender',17,NULL,2935,2934,2934,2935,1083,1084,100.00,1500.00,NULL,NULL,26740,NULL,NULL,'KKK000123',NULL,NULL,NULL,NULL,NULL,NULL,NULL,NULL,NULL,NULL,NULL,NULL,NULL,NULL,NULL,NULL,NULL,NULL,NULL,NULL,NULL,NULL,'2019-08-05',NULL,NULL,NULL,NULL,99,NULL,NULL,NULL,NULL,NULL,NULL,NULL,NULL,NULL,NULL,NULL,NULL,NULL,NULL),(140935,NULL,'Deleted','2019-07-16','Bijender',17,NULL,2935,2934,2934,2935,1083,1084,100.00,1500.00,NULL,NULL,26740,NULL,NULL,'KKK000123',NULL,NULL,NULL,NULL,NULL,NULL,NULL,NULL,NULL,NULL,NULL,NULL,NULL,NULL,NULL,NULL,NULL,NULL,NULL,NULL,NULL,NULL,'2019-08-23',NULL,NULL,NULL,NULL,99,NULL,NULL,NULL,NULL,NULL,NULL,NULL,NULL,NULL,NULL,NULL,NULL,NULL,NULL),(140936,NULL,'Deleted','2019-08-05','biander',17,5,2939,2940,2939,2939,1096,1090,NULL,NULL,0.00,NULL,26755,NULL,NULL,'',NULL,0,NULL,0,0.00,0.00,0.00,NULL,0.00,NULL,'','asfasfas','Select Rate',NULL,0.00,0.00,18.00,0.00,NULL,NULL,NULL,NULL,NULL,NULL,'',NULL,'sachin',99,0.00,NULL,0.00,0.00,0.00,0.00,0,0.00,0.00,0.00,0.00,0.00,0.00,NULL),(140937,NULL,'Deleted','2019-08-05','',17,NULL,2939,2940,2939,2939,1096,1079,NULL,NULL,0.00,NULL,26755,NULL,NULL,'',NULL,0,NULL,0,0.00,0.00,0.00,NULL,0.00,NULL,'',NULL,'Select Rate',NULL,0.00,0.00,18.00,0.00,NULL,NULL,NULL,NULL,NULL,NULL,'',NULL,'sachin',99,0.00,NULL,0.00,0.00,0.00,0.00,0,0.00,0.00,0.00,0.00,0.00,0.00,NULL),(140938,NULL,'Deleted','2019-08-05','',17,NULL,2939,2940,2939,2939,1096,1092,NULL,NULL,0.00,NULL,26755,NULL,NULL,'',NULL,0,NULL,0,0.00,0.00,0.00,NULL,0.00,NULL,'',NULL,'Select Rate',NULL,0.00,0.00,18.00,0.00,NULL,NULL,NULL,NULL,NULL,NULL,'',NULL,'sachin',99,0.00,NULL,0.00,0.00,0.00,0.00,0,0.00,0.00,0.00,0.00,0.00,0.00,NULL),(140943,NULL,'Deleted','2019-08-06','',17,5,2939,2940,2939,2939,1096,1072,NULL,NULL,0.00,NULL,26755,NULL,NULL,'',NULL,0,NULL,0,0.00,0.00,0.00,NULL,0.00,NULL,'',NULL,'Select Rate',NULL,0.00,0.00,18.00,0.00,NULL,NULL,NULL,NULL,NULL,NULL,'',NULL,'sachin',99,0.00,NULL,0.00,0.00,0.00,0.00,0,0.00,0.00,0.00,0.00,0.00,0.00,NULL),(140952,NULL,'Transactions Authorised','2019-06-03','Sanjay',17,NULL,2926,2925,2926,2926,1075,1066,100.00,NULL,NULL,NULL,26724,'2018-09-09',NULL,'AA45789415234567',NULL,NULL,NULL,NULL,NULL,NULL,NULL,NULL,NULL,NULL,NULL,NULL,NULL,NULL,NULL,NULL,NULL,NULL,NULL,NULL,NULL,NULL,'2019-08-19',NULL,NULL,NULL,'sachin',9,0.00,NULL,NULL,NULL,NULL,NULL,NULL,NULL,NULL,NULL,NULL,NULL,NULL,NULL),(140953,NULL,'Deleted','2019-06-03','Sanjay',17,NULL,2926,2925,2926,2926,1075,1066,100.00,NULL,NULL,NULL,26724,NULL,NULL,'AA45789415234567',NULL,NULL,NULL,NULL,NULL,NULL,NULL,NULL,NULL,NULL,NULL,NULL,NULL,NULL,NULL,NULL,NULL,NULL,NULL,NULL,NULL,NULL,'2019-08-06',NULL,NULL,NULL,NULL,99,NULL,NULL,NULL,NULL,NULL,NULL,NULL,NULL,NULL,NULL,NULL,NULL,NULL,NULL),(140954,NULL,'Deleted','2019-06-03','Sanjay',17,NULL,2926,2925,2926,2926,1075,1066,100.00,NULL,NULL,NULL,26724,NULL,NULL,'AA45789415234567',NULL,NULL,NULL,NULL,NULL,NULL,NULL,NULL,NULL,NULL,NULL,NULL,NULL,NULL,NULL,NULL,NULL,NULL,NULL,NULL,NULL,NULL,'2019-08-23',NULL,NULL,NULL,NULL,99,NULL,NULL,NULL,NULL,NULL,NULL,NULL,NULL,NULL,NULL,NULL,NULL,NULL,NULL),(140955,NULL,'Deleted','2019-08-06','',17,17,2925,2926,2925,2925,1075,1069,NULL,NULL,0.00,NULL,26723,NULL,NULL,'',NULL,0,NULL,0,0.00,0.00,0.00,NULL,0.00,NULL,'',NULL,'Select Rate',NULL,0.00,0.00,18.00,0.00,NULL,NULL,NULL,NULL,NULL,NULL,'',NULL,'sachin',99,0.00,NULL,0.00,0.00,0.00,0.00,0,0.00,0.00,0.00,0.00,0.00,0.00,NULL),(140956,NULL,'Deleted','2019-08-06','',5,NULL,2927,2931,2927,2927,1074,1074,NULL,NULL,0.00,NULL,26725,NULL,NULL,'',NULL,0,NULL,0,0.00,0.00,0.00,NULL,0.00,NULL,'',NULL,'Select Rate',NULL,0.00,0.00,18.00,0.00,NULL,NULL,NULL,NULL,NULL,NULL,'',NULL,'sachin',99,0.00,NULL,0.00,0.00,0.00,0.00,0,0.00,0.00,0.00,0.00,0.00,0.00,NULL),(140957,NULL,'Deleted','2019-08-06','',5,NULL,2923,2924,2923,2923,1072,1072,NULL,NULL,0.00,NULL,26721,NULL,NULL,'',NULL,0,NULL,0,0.00,0.00,0.00,NULL,0.00,NULL,'',NULL,'Select Rate',NULL,0.00,0.00,18.00,0.00,NULL,NULL,NULL,NULL,NULL,NULL,'',NULL,'sachin',99,0.00,NULL,0.00,0.00,0.00,0.00,0,0.00,0.00,0.00,0.00,0.00,0.00,NULL),(140958,NULL,'Deleted','2019-08-06','',17,NULL,2935,2934,2934,2935,1083,1085,NULL,NULL,0.00,NULL,26740,NULL,NULL,'',NULL,0,NULL,0,0.00,0.00,0.00,NULL,0.00,NULL,'',NULL,'Select Rate',NULL,0.00,0.00,18.00,0.00,NULL,NULL,NULL,NULL,NULL,NULL,'',NULL,'sachin',99,0.00,NULL,0.00,0.00,0.00,0.00,0,0.00,0.00,0.00,0.00,0.00,0.00,NULL),(140959,NULL,'Deleted','2019-08-06','',17,NULL,2935,2936,2935,2935,1083,1072,NULL,NULL,0.00,NULL,26737,NULL,NULL,'',NULL,0,NULL,0,0.00,0.00,0.00,NULL,0.00,NULL,'',NULL,'Select Rate',NULL,0.00,0.00,18.00,0.00,NULL,NULL,NULL,NULL,NULL,NULL,'',NULL,'sachin',99,0.00,NULL,0.00,0.00,0.00,0.00,0,0.00,0.00,0.00,0.00,0.00,0.00,NULL),(140962,NULL,'Deleted','2019-08-06','',5,NULL,2919,2920,2919,2919,1070,1100,NULL,NULL,0.00,NULL,26718,NULL,NULL,'',NULL,0,NULL,0,0.00,0.00,0.00,NULL,0.00,NULL,'',NULL,'Select Rate',NULL,0.00,0.00,18.00,0.00,NULL,NULL,NULL,NULL,NULL,NULL,'',NULL,'sachin',99,0.00,NULL,0.00,0.00,0.00,0.00,0,0.00,0.00,0.00,0.00,0.00,0.00,NULL),(140964,NULL,'Deleted','2019-08-06','',5,57,2950,2948,2948,2950,1093,1094,NULL,NULL,0.00,NULL,26750,NULL,NULL,'',NULL,0,NULL,0,0.00,0.00,0.00,NULL,0.00,NULL,'',NULL,'Select Rate',NULL,0.00,0.00,18.00,0.00,NULL,NULL,NULL,NULL,NULL,NULL,'',NULL,'sachin',99,0.00,NULL,0.00,0.00,0.00,0.00,0,0.00,0.00,0.00,0.00,0.00,0.00,NULL),(140965,NULL,'Deleted','2019-08-06','',17,5,2939,2940,2939,2939,1096,1073,NULL,NULL,0.00,NULL,26755,NULL,NULL,'',NULL,0,NULL,0,0.00,0.00,0.00,NULL,0.00,NULL,'',NULL,'Select Rate',NULL,0.00,0.00,18.00,0.00,NULL,NULL,NULL,NULL,NULL,NULL,'',NULL,'sachin',99,0.00,NULL,0.00,0.00,0.00,0.00,0,0.00,0.00,0.00,0.00,0.00,0.00,NULL),(140967,NULL,'Deleted','2019-08-06','',17,5,2935,2934,2935,2935,1088,1076,NULL,NULL,0.00,NULL,26753,NULL,NULL,'',NULL,0,NULL,0,0.00,0.00,0.00,NULL,0.00,NULL,'',NULL,'Select Rate',NULL,0.00,0.00,18.00,0.00,NULL,NULL,NULL,NULL,NULL,NULL,'',NULL,'sachin',99,0.00,NULL,0.00,0.00,0.00,0.00,0,0.00,0.00,0.00,0.00,0.00,0.00,NULL),(140968,NULL,'Deleted','2019-08-06','',17,5,2951,2934,2934,2951,1088,1072,NULL,NULL,0.00,NULL,26753,NULL,NULL,'',NULL,0,NULL,0,0.00,0.00,0.00,NULL,0.00,NULL,'',NULL,'Select Rate',NULL,0.00,0.00,18.00,0.00,NULL,NULL,NULL,NULL,NULL,NULL,'',NULL,'sachin',99,0.00,NULL,0.00,0.00,0.00,0.00,0,0.00,0.00,0.00,0.00,0.00,0.00,NULL),(140974,NULL,'Deleted','2019-08-07','',17,5,2943,2934,2934,2943,1075,1069,NULL,NULL,0.00,NULL,26747,NULL,NULL,'',NULL,0,NULL,0,0.00,0.00,0.00,NULL,0.00,NULL,'',NULL,'Select Rate',NULL,0.00,0.00,18.00,0.00,NULL,NULL,NULL,NULL,NULL,NULL,'',NULL,'sachin',99,0.00,NULL,0.00,0.00,0.00,0.00,0,0.00,0.00,0.00,0.00,0.00,0.00,NULL),(140975,NULL,'Deleted','2019-08-07','',17,5,2943,2934,2934,2943,1075,1073,NULL,NULL,0.00,NULL,26747,NULL,NULL,'',NULL,0,NULL,0,0.00,0.00,0.00,NULL,0.00,NULL,'',NULL,'Select Rate',NULL,0.00,0.00,18.00,0.00,NULL,NULL,NULL,NULL,NULL,NULL,'',NULL,'sachin',99,0.00,NULL,0.00,0.00,0.00,0.00,0,0.00,0.00,0.00,0.00,0.00,0.00,NULL),(140987,NULL,'Deleted','2019-08-07','',5,55,2952,2935,2952,2952,1088,1073,NULL,NULL,0.00,NULL,26753,NULL,NULL,'',NULL,0,NULL,0,0.00,0.00,0.00,NULL,0.00,NULL,'',NULL,'Select Rate',NULL,0.00,0.00,18.00,0.00,NULL,NULL,NULL,NULL,NULL,NULL,'',NULL,'sachin',99,0.00,NULL,0.00,0.00,0.00,0.00,0,0.00,0.00,0.00,0.00,0.00,0.00,NULL),(140989,NULL,'Deleted','2019-08-07','',17,5,2945,2925,2945,2945,1094,1094,NULL,NULL,0.00,NULL,26759,NULL,NULL,'',NULL,0,NULL,0,0.00,0.00,0.00,NULL,0.00,NULL,'',NULL,'Select Rate',NULL,0.00,0.00,18.00,0.00,NULL,NULL,NULL,NULL,NULL,NULL,'',NULL,'sachin',99,0.00,NULL,0.00,0.00,0.00,0.00,0,0.00,0.00,0.00,0.00,0.00,0.00,NULL),(140991,NULL,'Deleted','2019-08-07','',5,55,2952,2935,2952,2952,1088,1077,NULL,NULL,0.00,NULL,26753,NULL,NULL,'',NULL,0,NULL,0,0.00,0.00,0.00,NULL,0.00,NULL,'',NULL,'Select Rate',NULL,0.00,0.00,18.00,0.00,NULL,NULL,NULL,NULL,NULL,NULL,'',NULL,'sachin',99,0.00,NULL,0.00,0.00,0.00,0.00,0,0.00,0.00,0.00,0.00,0.00,0.00,NULL),(140993,NULL,'Deleted','2019-08-07','',5,55,2940,2939,2940,2940,1088,1100,1500.00,98500.00,0.00,NULL,26744,NULL,NULL,'',NULL,0,NULL,0,0.00,0.00,0.00,NULL,0.00,NULL,'',NULL,'Select Rate',NULL,0.00,0.00,18.00,1500.00,NULL,NULL,NULL,NULL,NULL,NULL,'',NULL,'admin',99,0.00,NULL,0.00,0.00,0.00,0.00,0,0.00,0.00,0.00,0.00,0.00,0.00,NULL),(140994,NULL,'Deleted','2019-08-07','Sanjay',5,55,2940,2939,2940,2940,1088,1100,1000.00,97500.00,0.00,NULL,26744,NULL,0.00,'sbr012417641',NULL,0,1000.00,0,0.00,0.00,0.00,NULL,0.00,NULL,'',NULL,'Select Rate',NULL,0.00,0.00,18.00,1000.00,NULL,NULL,NULL,NULL,NULL,NULL,'',NULL,'admin',99,0.00,NULL,10.00,0.00,0.00,0.00,0,0.00,10.00,0.00,0.00,0.00,0.00,NULL),(140995,NULL,'Margin Money - Unpaid','2019-08-07','Vinod Kumar',56,57,2955,2956,2955,2955,1100,1100,100000.00,600000.00,10.00,'2019-09-20',26760,'2019-08-10',0.00,'SBR897A4578','ref00012478',0,99046.00,15,13.50,100.00,100.00,100.00,554.79,954.00,'','done','Select Rate',NULL,0.00,0.00,18.00,100000.00,NULL,NULL,NULL,NULL,'2019-08-23',NULL,'Rate Options','2019-08-07','admin',11,0.00,NULL,100.00,0.00,0.00,0.00,0,0.00,100.00,0.00,100.00,0.00,0.00,NULL),(140996,NULL,'Transactions Authorised','2019-08-07','Vinod Kumar',56,NULL,2955,2956,2955,2955,1100,1100,100000.00,600000.00,NULL,NULL,26760,'2018-09-09',NULL,'SBR897A4578',NULL,NULL,NULL,NULL,NULL,NULL,NULL,NULL,NULL,NULL,NULL,NULL,NULL,NULL,NULL,NULL,NULL,NULL,NULL,NULL,NULL,NULL,'2019-08-10',NULL,NULL,NULL,'sachin',9,0.00,NULL,NULL,NULL,NULL,NULL,NULL,NULL,NULL,NULL,NULL,NULL,NULL,NULL),(140997,NULL,'Deleted','2019-08-07','',51,55,2952,2935,2952,2952,1088,1074,NULL,NULL,0.00,NULL,26753,NULL,NULL,'',NULL,0,NULL,0,0.00,0.00,0.00,NULL,0.00,NULL,'',NULL,'Select Rate',NULL,0.00,0.00,18.00,0.00,NULL,NULL,NULL,NULL,NULL,NULL,'',NULL,'sachin',99,0.00,NULL,0.00,0.00,0.00,0.00,0,0.00,0.00,0.00,0.00,0.00,0.00,NULL),(140998,NULL,'Deleted','2019-08-07','Vinod Kumar',56,57,2955,2956,2955,2955,1100,1100,100000.00,600000.00,NULL,NULL,26760,NULL,NULL,'SBR897A4578','',NULL,NULL,NULL,NULL,NULL,NULL,NULL,NULL,NULL,NULL,NULL,'Rate Amount',36.00,0.20,200.00,NULL,NULL,NULL,NULL,NULL,NULL,'2019-08-13','ILC-18-19-956478744','Rate Options',NULL,NULL,99,NULL,1,NULL,NULL,NULL,NULL,NULL,NULL,NULL,NULL,NULL,NULL,NULL,NULL),(140999,NULL,'Deleted','2019-08-07','Vinod Kumar',56,NULL,2955,2956,2955,2955,1100,1100,100000.00,600000.00,NULL,NULL,26760,NULL,NULL,'SBR897A4578',NULL,NULL,NULL,NULL,NULL,NULL,NULL,NULL,NULL,NULL,NULL,NULL,NULL,NULL,NULL,NULL,NULL,NULL,NULL,NULL,NULL,NULL,'2019-08-23',NULL,NULL,NULL,NULL,99,NULL,NULL,NULL,NULL,NULL,NULL,NULL,NULL,NULL,NULL,NULL,NULL,NULL,NULL),(141000,NULL,'Transactions Authorised','2019-08-02','SURESH KUMAR',17,56,2946,2947,2947,2946,1091,1092,1118404.00,0.00,13.00,'2019-09-19',26749,'2019-08-19',1103049.00,'SRCBH 230 19 059 0080391','UBP1734',31,1103049.00,7,13.00,12348.41,100.00,10.00,2788.35,15355.00,NULL,'HANDLING CHRG : Rs. 100.00\r\nP&T CHRG : Rs. 50.00\r\nRTGS CHRG : Rs. 59.00\r\nOTHER CHRG : Rs. 10.00',NULL,NULL,NULL,NULL,NULL,1118404.00,NULL,NULL,NULL,NULL,'2019-08-19',NULL,'Rate Options',NULL,'sachin',9,0.00,NULL,0.00,NULL,NULL,NULL,NULL,NULL,0.00,50.00,59.00,NULL,NULL,NULL),(141009,NULL,'Deleted','2019-08-10','',17,51,2922,2936,2922,2922,1083,1097,NULL,NULL,0.00,NULL,26741,NULL,NULL,'',NULL,0,NULL,0,0.00,0.00,0.00,NULL,0.00,NULL,'',NULL,'Select Rate',NULL,0.00,0.00,18.00,0.00,NULL,NULL,NULL,NULL,NULL,NULL,'',NULL,'sachin',99,0.00,NULL,0.00,0.00,0.00,0.00,0,0.00,0.00,0.00,0.00,0.00,0.00,NULL),(141010,NULL,'Deleted','2019-05-23','Bijender Dheman',5,NULL,2923,2924,2923,2923,1072,1072,90000.00,200000.00,NULL,NULL,26721,NULL,NULL,'548746698',NULL,NULL,NULL,NULL,NULL,NULL,NULL,NULL,NULL,NULL,NULL,NULL,NULL,NULL,NULL,NULL,NULL,NULL,NULL,NULL,NULL,NULL,'2019-08-04',NULL,NULL,NULL,NULL,99,NULL,NULL,NULL,NULL,NULL,NULL,NULL,NULL,NULL,NULL,NULL,NULL,NULL,NULL),(141011,NULL,'Deleted','2019-05-23','Bijender Dheman',5,NULL,2923,2924,2923,2923,1072,1072,90000.00,200000.00,NULL,NULL,26721,NULL,NULL,'548746698',NULL,NULL,NULL,NULL,NULL,NULL,NULL,NULL,NULL,NULL,NULL,NULL,NULL,NULL,NULL,NULL,NULL,NULL,NULL,NULL,NULL,NULL,'2019-08-23',NULL,NULL,NULL,NULL,99,NULL,NULL,NULL,NULL,NULL,NULL,NULL,NULL,NULL,NULL,NULL,NULL,NULL,NULL),(141012,NULL,'Deleted','2019-08-07','Vinod Kumar',56,NULL,2955,2956,2955,2955,1100,1100,100000.00,600000.00,NULL,NULL,26760,NULL,NULL,'SBR897A4578',NULL,NULL,NULL,NULL,NULL,NULL,NULL,NULL,NULL,NULL,NULL,NULL,NULL,NULL,NULL,NULL,NULL,NULL,NULL,NULL,NULL,NULL,'2019-08-20','ILC-17-18-242',NULL,NULL,NULL,99,NULL,1,NULL,NULL,NULL,NULL,NULL,NULL,NULL,NULL,NULL,NULL,NULL,NULL),(141013,NULL,'Deleted','2019-08-07','Vinod Kumar',56,NULL,2955,2956,2955,2955,1100,1100,100000.00,600000.00,NULL,NULL,26760,NULL,NULL,'SBR897A4578',NULL,NULL,NULL,NULL,NULL,NULL,NULL,NULL,NULL,NULL,NULL,NULL,NULL,NULL,NULL,NULL,NULL,NULL,NULL,NULL,NULL,NULL,'2019-08-23',NULL,NULL,NULL,NULL,99,NULL,NULL,NULL,NULL,NULL,NULL,NULL,NULL,NULL,NULL,NULL,NULL,NULL,NULL),(141014,NULL,'Billed','2019-08-11','Bijender',57,55,2940,2938,2940,2940,1088,1100,1000.00,8000.00,10.00,'2019-09-23',26762,'2019-08-12',0.00,'UTR000abch2340000','ref012233434',0,991.00,15,13.50,10.00,1.00,1.00,5.55,9.00,'Done123','done','Rate Amount',90.00,50.00,500.00,18.00,1000.00,'2019-08-12',105.55,'123654',NULL,'2019-08-19','LC-001-2019','Rate Options','2019-08-11','admin',15,0.00,1,0.00,0.00,0.00,0.00,0,0.00,0.00,1.00,1.00,0.00,0.00,NULL),(141015,NULL,'Transactions Authorised','2019-08-11','Bijender',57,55,2940,2938,2940,2940,1088,1100,1000.00,8000.00,1.25,'2021-08-27',26762,'2019-08-27',949.97,'UTR000abch2340000','',731,949.97,365,2.50,25.03,NULL,0.00,25.00,50.03,NULL,NULL,NULL,NULL,NULL,NULL,NULL,1000.00,NULL,25.00,NULL,NULL,'2019-08-27',NULL,'Rate Options',NULL,'sachin',9,0.00,NULL,0.00,NULL,NULL,NULL,NULL,NULL,NULL,NULL,NULL,NULL,NULL,NULL),(141016,NULL,'Deleted','2019-08-11','Bijender',57,NULL,2940,2938,2940,2940,1088,1100,1000.00,8000.00,NULL,NULL,26762,NULL,NULL,'UTR000abch2340000',NULL,NULL,NULL,NULL,NULL,NULL,NULL,NULL,NULL,NULL,NULL,NULL,NULL,NULL,NULL,NULL,NULL,NULL,NULL,NULL,NULL,NULL,'2019-08-12',NULL,NULL,NULL,NULL,99,NULL,NULL,NULL,NULL,NULL,NULL,NULL,NULL,NULL,NULL,NULL,NULL,NULL,NULL),(141017,NULL,'Deleted','2019-08-11','Bijender',57,NULL,2940,2938,2940,2940,1088,1100,1000.00,8000.00,NULL,NULL,26762,NULL,NULL,'UTR000abch2340000',NULL,NULL,NULL,NULL,NULL,NULL,NULL,NULL,NULL,NULL,NULL,NULL,NULL,NULL,NULL,NULL,NULL,NULL,NULL,NULL,NULL,NULL,'2019-08-23',NULL,NULL,NULL,NULL,99,NULL,NULL,NULL,NULL,NULL,NULL,NULL,NULL,NULL,NULL,NULL,NULL,NULL,NULL),(141018,NULL,'Transactions Disbursed','2019-08-12','Harpreet',17,17,2957,2958,2958,2957,1102,1102,100.00,2568693.00,8.25,'2019-10-01',26763,'2019-08-01',38.00,'','123',61,38.00,3,10.00,1.38,10.00,1.00,0.08,62.00,'','DONE','Select Rate',NULL,0.00,0.00,18.00,100.00,NULL,NULL,NULL,NULL,'2019-08-12',NULL,'Rate Options','2019-08-12','Harpreet Kaur',6,0.00,NULL,0.00,0.00,0.00,0.00,0,0.00,0.00,50.00,0.00,0.00,0.00,NULL),(141019,NULL,'Unpaid Due Dates','2019-08-12','Harpreet',17,17,2957,2958,2958,2957,1102,1102,100.00,2568693.00,1.20,'2020-08-29',26763,'2019-08-29',18.04,'','1212',366,18.04,365,2.50,0.96,10.00,25.00,2.00,61.96,'121212','02020',NULL,NULL,NULL,NULL,NULL,80.00,'2019-08-29',19.51,'12121','2019-08-29','2019-08-29',NULL,'Rate Options',NULL,'sachin',10,0.00,NULL,120.00,NULL,NULL,NULL,NULL,NULL,100.00,12.00,12.00,NULL,NULL,366),(141020,NULL,'Confirmation Received','2019-08-12','',17,5,2934,2924,2934,2934,1100,1092,9500.00,81000.00,0.00,NULL,26764,NULL,NULL,'rtr12457',NULL,0,0.00,0,0.00,0.00,0.00,NULL,0.00,NULL,'',NULL,'Select Rate',NULL,0.00,0.00,18.00,9500.00,NULL,NULL,NULL,NULL,'2019-08-12',NULL,'','2019-08-12','admin',3,0.00,NULL,100.00,0.00,0.00,0.00,0,0.00,100.00,0.00,0.00,0.00,0.00,NULL),(141021,NULL,'Transactions Disbursed','2019-08-12','SURJEET SINGH',17,56,2959,2960,2959,2959,1104,1092,10000.00,6415236.00,13.00,'2019-09-13',26765,'2019-08-13',9862.00,'SRCBH 230 19 059 0080391','UBP1734',31,9862.00,7,13.00,110.41,1.00,0.00,24.93,138.00,'',NULL,'Select Rate',NULL,0.00,0.00,18.00,10000.00,NULL,NULL,NULL,NULL,'2019-08-13',NULL,'Rate Options','2019-08-12','Amit Kumar',6,0.00,NULL,0.00,0.00,0.00,0.00,0,0.00,0.00,2.00,1.00,0.00,0.00,NULL),(141022,NULL,'Deleted','2019-07-12','Raj Kumar',17,NULL,2935,2936,2935,2935,1083,1084,100.00,900.00,NULL,NULL,26737,NULL,NULL,'AX0001245',NULL,NULL,NULL,NULL,NULL,NULL,NULL,NULL,NULL,NULL,NULL,NULL,NULL,NULL,NULL,NULL,NULL,NULL,NULL,NULL,NULL,NULL,'2019-07-19',NULL,NULL,NULL,NULL,99,NULL,NULL,NULL,NULL,NULL,NULL,NULL,NULL,NULL,NULL,NULL,NULL,NULL,NULL),(141023,NULL,'Deleted','2019-07-12','Raj Kumar',17,NULL,2935,2936,2935,2935,1083,1084,100.00,900.00,NULL,NULL,26737,NULL,NULL,'AX0001245',NULL,NULL,NULL,NULL,NULL,NULL,NULL,NULL,NULL,NULL,NULL,NULL,NULL,NULL,NULL,NULL,NULL,NULL,NULL,NULL,NULL,NULL,'2019-08-23',NULL,NULL,NULL,NULL,99,NULL,NULL,NULL,NULL,NULL,NULL,NULL,NULL,NULL,NULL,NULL,NULL,NULL,NULL),(141024,NULL,'Margin Money - Unpaid','2019-08-12','SURJEET SINGH',17,56,2959,2960,2959,2959,1104,1092,10000.00,6415236.00,13.00,'2019-09-13',26765,'2019-08-13',9862.00,'SRCBH230190590080391','BDH',31,9862.00,7,13.00,110.41,1.00,0.00,24.93,138.00,NULL,NULL,NULL,NULL,NULL,NULL,NULL,10000.00,NULL,NULL,NULL,NULL,'2019-08-16',NULL,'Rate Options',NULL,'Amit Kumar',11,0.00,NULL,0.00,NULL,NULL,NULL,NULL,NULL,0.00,2.00,1.00,NULL,NULL,NULL),(141025,NULL,'Deleted','2019-08-12','SURJEET SINGH',17,NULL,2959,2960,2959,2959,1104,1092,10000.00,6415236.00,NULL,NULL,26765,NULL,NULL,'SRCBH230190590080391',NULL,NULL,NULL,NULL,NULL,NULL,NULL,NULL,NULL,NULL,NULL,NULL,NULL,NULL,NULL,NULL,NULL,NULL,NULL,NULL,NULL,NULL,'2019-08-13',NULL,NULL,NULL,NULL,99,NULL,NULL,NULL,NULL,NULL,NULL,NULL,NULL,NULL,NULL,NULL,NULL,NULL,NULL),(141026,NULL,'Deleted','2019-08-12','SURJEET SINGH',17,NULL,2959,2960,2959,2959,1104,1092,10000.00,6415236.00,NULL,NULL,26765,NULL,NULL,'SRCBH230190590080391',NULL,NULL,NULL,NULL,NULL,NULL,NULL,NULL,NULL,NULL,NULL,NULL,NULL,NULL,NULL,NULL,NULL,NULL,NULL,NULL,NULL,NULL,'2019-08-23',NULL,NULL,NULL,NULL,99,NULL,NULL,NULL,NULL,NULL,NULL,NULL,NULL,NULL,NULL,NULL,NULL,NULL,NULL),(141027,NULL,'Deleted','2019-08-12','SURJEET SINGH',17,56,2959,2960,2959,2959,1104,1092,10000.00,6415236.00,NULL,NULL,26765,NULL,NULL,'SRCBH230190590080391','',NULL,NULL,NULL,NULL,NULL,NULL,NULL,NULL,NULL,NULL,NULL,'Rate Amount',1.80,0.10,10.00,NULL,NULL,NULL,NULL,NULL,NULL,'2019-08-13',NULL,'Rate Options',NULL,NULL,99,NULL,NULL,NULL,NULL,NULL,NULL,NULL,NULL,NULL,NULL,NULL,NULL,NULL,NULL),(141028,NULL,'Deleted','2019-08-12','SURJEET SINGH',17,NULL,2959,2960,2959,2959,1104,1092,10000.00,6415236.00,NULL,NULL,26765,NULL,NULL,'SRCBH230190590080391',NULL,NULL,NULL,NULL,NULL,NULL,NULL,NULL,NULL,NULL,NULL,NULL,NULL,NULL,NULL,NULL,NULL,NULL,NULL,NULL,NULL,NULL,'2019-08-23',NULL,NULL,NULL,NULL,99,NULL,NULL,NULL,NULL,NULL,NULL,NULL,NULL,NULL,NULL,NULL,NULL,NULL,NULL),(141029,NULL,'Margin Money - Unpaid','2019-07-19','Bijender',5,17,2937,2938,2937,2937,1085,1085,1000.00,99000.00,10.00,'2019-10-20',26742,'2019-08-20',958.34,'SBI000001','ref0onhf001',61,958.34,35,13.50,16.71,1.00,100.00,12.95,161.66,'done123','done','Annual Rate',3.01,10.00,16.71,NULL,1120.00,'2019-08-23',12.95,'256352','2019-08-23','2019-08-23',NULL,'Rate Options',NULL,'admin',11,0.00,NULL,0.00,NULL,NULL,NULL,NULL,NULL,120.00,21.00,10.00,NULL,NULL,58),(141030,NULL,'Transactions Authorised','2019-08-13','SURESH KUMAR',17,56,2959,2960,2959,2959,1104,1092,200000.00,6035236.00,10.00,'2019-10-15',26765,'2019-08-13',195106.30,'SRCBH 230 19 059 0080391','UBP04612541562',63,195106.30,7,13.00,3452.07,236.00,590.00,498.63,4894.70,'','Other CHRG : Rs. 590.00','Select Rate',NULL,0.00,0.00,18.00,200001.00,NULL,NULL,NULL,NULL,'2019-08-23',NULL,'Rate Options','2019-08-13','admin',9,0.00,NULL,1.00,0.00,0.00,0.00,0,0.00,2.00,59.00,59.00,0.00,0.00,NULL),(141031,NULL,'Deleted','2019-08-13','SURESH KUMAR',17,NULL,2959,2960,2959,2959,1104,1092,200000.00,6035236.00,NULL,NULL,26765,NULL,NULL,'SRCBH 230 19 059 0080391',NULL,NULL,NULL,NULL,NULL,NULL,NULL,NULL,NULL,NULL,NULL,NULL,NULL,NULL,NULL,NULL,NULL,NULL,NULL,NULL,NULL,NULL,'2019-08-13',NULL,NULL,NULL,NULL,99,NULL,NULL,NULL,NULL,NULL,NULL,NULL,NULL,NULL,NULL,NULL,NULL,NULL,NULL),(141032,NULL,'Unpaid Due Dates','2019-07-31','Shubham',57,55,2940,2939,2940,2940,1088,1069,100000.00,87500.00,10.00,'2019-10-30',26744,'2019-08-28',97339.31,'UTR001234567','ref8789177777',63,97339.31,25,13.50,1726.03,1.00,4.00,924.66,2660.69,'done12312121','done12456',NULL,NULL,NULL,NULL,NULL,100000.00,'2019-08-27',2683.08,'526357','2019-08-27','2019-08-28',NULL,'Rate Options',NULL,'sachin',10,0.00,NULL,0.00,NULL,NULL,NULL,NULL,NULL,0.00,2.00,3.00,NULL,NULL,64),(141033,NULL,'Deleted','2019-07-31','Shubham',57,NULL,2940,2939,2940,2940,1088,1069,10000.00,100000.00,NULL,NULL,26744,NULL,NULL,'UTR001234567',NULL,NULL,NULL,NULL,NULL,NULL,NULL,NULL,NULL,NULL,NULL,NULL,NULL,NULL,NULL,NULL,NULL,NULL,NULL,NULL,NULL,NULL,'2019-08-16',NULL,NULL,NULL,NULL,99,NULL,NULL,NULL,NULL,NULL,NULL,NULL,NULL,NULL,NULL,NULL,NULL,NULL,NULL),(141034,NULL,'Deleted','2019-07-31','Shubham',57,NULL,2940,2939,2940,2940,1088,1069,10000.00,100000.00,NULL,NULL,26744,NULL,NULL,'UTR001234567',NULL,NULL,NULL,NULL,NULL,NULL,NULL,NULL,NULL,NULL,NULL,NULL,NULL,NULL,NULL,NULL,NULL,NULL,NULL,NULL,NULL,NULL,'2019-08-23',NULL,NULL,NULL,NULL,99,NULL,NULL,NULL,NULL,NULL,NULL,NULL,NULL,NULL,NULL,NULL,NULL,NULL,NULL),(141035,NULL,'Deleted','2019-08-16','KP',5,55,2923,2924,2923,2923,1072,1073,50000.00,100000.00,0.00,NULL,26721,NULL,0.00,'UTR0012345000',NULL,0,0.00,0,0.00,0.00,0.00,NULL,0.00,NULL,'',NULL,'Select Rate',NULL,0.00,0.00,18.00,60530.00,NULL,NULL,NULL,NULL,NULL,NULL,'',NULL,'admin',99,0.00,NULL,10.00,0.00,0.00,0.00,0,0.00,10540.00,0.00,0.00,0.00,0.00,NULL),(141036,NULL,'Deleted','2019-05-29','Mahesh Kumar',17,NULL,2921,2922,2922,2921,1072,1072,1000.00,NULL,NULL,NULL,26719,NULL,NULL,'UTR090909',NULL,NULL,NULL,NULL,NULL,NULL,NULL,NULL,NULL,NULL,NULL,NULL,NULL,NULL,NULL,NULL,NULL,NULL,NULL,NULL,NULL,NULL,'2019-08-10',NULL,NULL,NULL,NULL,99,NULL,NULL,NULL,NULL,NULL,NULL,NULL,NULL,NULL,NULL,NULL,NULL,NULL,NULL),(141037,NULL,'Deleted','2019-05-29','Mahesh Kumar',17,NULL,2921,2922,2922,2921,1072,1072,1000.00,NULL,NULL,NULL,26719,NULL,NULL,'UTR090909',NULL,NULL,NULL,NULL,NULL,NULL,NULL,NULL,NULL,NULL,NULL,NULL,NULL,NULL,NULL,NULL,NULL,NULL,NULL,NULL,NULL,NULL,'2019-08-23',NULL,NULL,NULL,NULL,99,NULL,NULL,NULL,NULL,NULL,NULL,NULL,NULL,NULL,NULL,NULL,NULL,NULL,NULL),(141038,NULL,'Margin Money - Unpaid','2019-08-17','Vinod Kumar',57,56,2961,2962,2961,2961,1105,1106,500.00,500.00,10.50,'2019-10-02',26766,'2019-08-19',359.00,'Utr2389711','ref78676756',44,359.00,25,15.50,6.33,100.00,10.00,5.31,141.00,'Donnnnn','done','Select Rate',NULL,0.00,0.00,18.00,500.00,'2019-08-22',95.31,'253614','2019-08-21','2019-08-23',NULL,'Rate Options','2019-08-17','admin',11,0.00,NULL,1.00,0.00,0.00,0.00,0,0.00,1.00,10.00,10.00,0.00,0.00,NULL),(141039,NULL,'Unpaid Due Dates','2019-08-17','Vinod Kumar',57,56,2961,2962,2961,2961,1105,1106,500.00,0.00,1.20,'2021-08-29',26766,'2019-08-29',343.48,'Utr2389711','12121',731,343.48,365,2.50,12.02,10.00,100.00,12.50,156.52,'wewewe','wewewew','Annual Rate',180.25,100.00,1001.37,NULL,500.00,'2019-08-29',66.57,'151254520','2019-08-29','2019-08-29',NULL,'Rate Options',NULL,'sachin',10,125.00,NULL,100.00,NULL,NULL,NULL,NULL,140.00,100.00,12.00,10.00,NULL,NULL,731),(141040,NULL,'Deleted','2019-08-17','Vinod Kumar',57,NULL,2961,2962,2961,2961,1105,1106,500.00,500.00,NULL,NULL,26766,NULL,NULL,'Utr2389711',NULL,NULL,NULL,NULL,NULL,NULL,NULL,NULL,NULL,NULL,NULL,NULL,NULL,NULL,NULL,NULL,NULL,NULL,NULL,NULL,NULL,NULL,'2019-08-17',NULL,NULL,NULL,NULL,99,NULL,NULL,NULL,NULL,NULL,NULL,NULL,NULL,NULL,NULL,NULL,NULL,NULL,NULL),(141041,NULL,'Deleted','2019-08-17','Vinod Kumar',57,NULL,2961,2962,2961,2961,1105,1106,500.00,500.00,NULL,NULL,26766,NULL,NULL,'Utr2389711',NULL,NULL,NULL,NULL,NULL,NULL,NULL,NULL,NULL,NULL,NULL,NULL,NULL,NULL,NULL,NULL,NULL,NULL,NULL,NULL,NULL,NULL,'2019-08-23',NULL,NULL,NULL,NULL,99,NULL,NULL,NULL,NULL,NULL,NULL,NULL,NULL,NULL,NULL,NULL,NULL,NULL,NULL),(141042,NULL,'Deleted','2019-06-03','Sanjay',17,NULL,2926,2925,2926,2926,1075,1066,100.00,NULL,NULL,NULL,26724,NULL,NULL,'AA45789415234567',NULL,NULL,NULL,NULL,NULL,NULL,NULL,NULL,NULL,NULL,NULL,NULL,NULL,NULL,NULL,NULL,NULL,NULL,NULL,NULL,NULL,NULL,'2019-08-10',NULL,NULL,NULL,NULL,99,NULL,NULL,NULL,NULL,NULL,NULL,NULL,NULL,NULL,NULL,NULL,NULL,NULL,NULL),(141043,NULL,'Deleted','2019-06-03','Sanjay',17,NULL,2926,2925,2926,2926,1075,1066,100.00,NULL,NULL,NULL,26724,NULL,NULL,'AA45789415234567',NULL,NULL,NULL,NULL,NULL,NULL,NULL,NULL,NULL,NULL,NULL,NULL,NULL,NULL,NULL,NULL,NULL,NULL,NULL,NULL,NULL,NULL,'2019-08-23',NULL,NULL,NULL,NULL,99,NULL,NULL,NULL,NULL,NULL,NULL,NULL,NULL,NULL,NULL,NULL,NULL,NULL,NULL),(141044,NULL,'Transactions Authorised','2019-05-29','Arvind chaturvedi',56,NULL,2926,2925,2926,2926,1075,1077,100.00,NULL,NULL,NULL,26724,'2018-09-09',NULL,'SS00897',NULL,NULL,NULL,NULL,NULL,NULL,NULL,0.00,NULL,0.00,NULL,NULL,NULL,NULL,NULL,NULL,NULL,NULL,NULL,NULL,NULL,NULL,'2019-08-27',NULL,NULL,NULL,'sachin',9,0.00,NULL,NULL,NULL,NULL,NULL,NULL,NULL,NULL,NULL,NULL,NULL,NULL,NULL),(141045,NULL,'Deleted','2019-05-29','Arvind chaturvedi',56,NULL,2926,2925,2926,2926,1075,1077,100.00,NULL,NULL,NULL,26724,NULL,NULL,'SS00897',NULL,NULL,NULL,NULL,NULL,NULL,NULL,NULL,NULL,NULL,NULL,NULL,NULL,NULL,NULL,NULL,NULL,NULL,NULL,NULL,NULL,NULL,'2019-08-27',NULL,NULL,NULL,NULL,99,NULL,NULL,NULL,NULL,NULL,NULL,NULL,NULL,NULL,NULL,NULL,NULL,NULL,NULL),(141046,NULL,'Deleted','2019-05-29','Arvind chaturvedi',56,NULL,2926,2925,2926,2926,1075,1077,100.00,NULL,NULL,NULL,26724,NULL,NULL,'SS00897',NULL,NULL,NULL,NULL,NULL,NULL,NULL,NULL,NULL,NULL,NULL,NULL,NULL,NULL,NULL,NULL,NULL,NULL,NULL,NULL,NULL,NULL,'2019-08-23',NULL,NULL,NULL,NULL,99,NULL,NULL,NULL,NULL,NULL,NULL,NULL,NULL,NULL,NULL,NULL,NULL,NULL,NULL),(141047,NULL,'Deleted','2019-08-02','SURESH KUMAR',17,NULL,2946,2947,2947,2946,1091,1092,1118404.00,0.00,NULL,NULL,26749,NULL,NULL,'SRCBH 230 19 059 0080391',NULL,NULL,NULL,NULL,NULL,NULL,NULL,NULL,NULL,NULL,NULL,NULL,NULL,NULL,NULL,NULL,NULL,NULL,NULL,NULL,NULL,NULL,'2019-08-10',NULL,NULL,NULL,NULL,99,NULL,NULL,NULL,NULL,NULL,NULL,NULL,NULL,NULL,NULL,NULL,NULL,NULL,NULL),(141048,NULL,'Deleted','2019-08-02','SURESH KUMAR',17,NULL,2946,2947,2947,2946,1091,1092,1118404.00,0.00,NULL,NULL,26749,NULL,NULL,'SRCBH 230 19 059 0080391',NULL,NULL,NULL,NULL,NULL,NULL,NULL,NULL,NULL,NULL,NULL,NULL,NULL,NULL,NULL,NULL,NULL,NULL,NULL,NULL,NULL,NULL,'2019-08-23',NULL,NULL,NULL,NULL,99,NULL,NULL,NULL,NULL,NULL,NULL,NULL,NULL,NULL,NULL,NULL,NULL,NULL,NULL),(141049,NULL,'Deleted','2019-08-19','',56,NULL,2926,2923,2926,2926,1075,1085,NULL,NULL,0.00,NULL,26722,NULL,NULL,'',NULL,0,NULL,0,0.00,0.00,0.00,NULL,0.00,NULL,'',NULL,'Select Rate',NULL,0.00,0.00,18.00,0.00,NULL,NULL,NULL,NULL,NULL,NULL,'',NULL,'sachin',99,0.00,NULL,0.00,0.00,0.00,0.00,0,0.00,0.00,0.00,0.00,0.00,0.00,NULL),(141050,NULL,'New Transactions','2019-08-19','SURESH KUMAR',56,17,2964,2963,2963,2964,1107,1094,6065286.00,NULL,0.00,'2020-02-02',26767,'2019-08-19',NULL,'',NULL,167,NULL,0,0.00,0.00,0.00,NULL,0.00,NULL,'',NULL,NULL,NULL,0.00,0.00,0.00,6065286.00,NULL,NULL,NULL,NULL,NULL,NULL,'',NULL,'Amit Kumar',0,0.00,NULL,0.00,0.00,0.00,0.00,0,0.00,0.00,0.00,0.00,0.00,0.00,NULL),(141051,NULL,'Deleted','2019-08-19','Suresh Kumar',56,57,2921,2922,2922,2921,1072,1072,298900.00,-298900.00,10.00,'2019-10-19',26719,'2019-08-20',0.00,'utr001abcded','ref0bcdeij009',60,290013.00,35,13.50,4913.42,100.00,2.00,3869.32,8886.00,'done','done','Annual Rate',44.22,0.50,245.67,18.00,298899.00,'2019-08-23',3968.32,'010293','2019-08-22','2019-08-19',NULL,'Rate Options','2019-08-19','admin',99,0.00,NULL,2.00,0.00,0.00,0.00,0,0.00,1.00,1.00,1.00,0.00,0.00,57),(141052,NULL,'Deleted','2019-08-19','Suresh Kumar',56,NULL,2921,2922,2922,2921,1072,1072,298900.00,-298900.00,NULL,NULL,26719,NULL,NULL,'utr001abcded',NULL,NULL,NULL,NULL,NULL,NULL,NULL,NULL,NULL,NULL,NULL,NULL,NULL,NULL,NULL,NULL,NULL,NULL,NULL,NULL,NULL,NULL,'2019-08-23',NULL,NULL,NULL,NULL,99,NULL,NULL,NULL,NULL,NULL,NULL,NULL,NULL,NULL,NULL,NULL,NULL,NULL,NULL),(141053,NULL,'Margin Money - Unpaid','2019-08-20','RAJ KUMAR',56,17,2965,2966,2965,2965,1108,1092,556845.00,-553190.00,8.55,'2019-11-26',26768,'2019-08-20',539456.50,'SIBLR 5 2019 08 20 002 75620','',98,539456.50,7,13.00,12763.00,1180.00,0.00,2000.00,16503.50,'',NULL,NULL,NULL,0.00,0.00,0.00,555960.00,'2019-11-26',NULL,NULL,NULL,'2019-08-23',NULL,'Rate Options','2019-08-20','Ashish Gupta',11,0.00,NULL,885.00,0.00,0.00,0.00,0,0.00,0.00,501.50,59.00,0.00,0.00,0),(141054,NULL,'Margin Money - Unpaid','2019-08-20','RAJ KUMAR',56,17,2965,2966,2965,2965,1108,1092,556845.00,-553190.00,8.55,'2019-11-26',26768,'2019-08-20',539456.50,'SIBLR 5 2019 08 20 002 75620','',98,539456.50,7,13.00,12763.00,1180.00,NULL,2000.00,16503.50,NULL,NULL,NULL,NULL,NULL,NULL,NULL,555960.00,'2019-11-28',NULL,NULL,NULL,'2019-08-23',NULL,'Rate Options',NULL,NULL,11,NULL,NULL,885.00,NULL,NULL,NULL,NULL,NULL,0.00,501.50,59.00,NULL,NULL,-2),(141055,NULL,'Deleted','2019-05-29','Mahesh Kumar',17,NULL,2921,2922,2922,2921,1072,1072,1000.00,NULL,NULL,NULL,26719,NULL,NULL,'UTR090909',NULL,NULL,NULL,NULL,NULL,NULL,NULL,NULL,NULL,NULL,NULL,NULL,NULL,NULL,NULL,NULL,NULL,NULL,NULL,NULL,NULL,NULL,'2019-08-23',NULL,NULL,NULL,NULL,99,NULL,NULL,NULL,NULL,NULL,NULL,NULL,NULL,NULL,NULL,NULL,NULL,NULL,NULL),(141056,NULL,'Deleted','2019-05-29','Mahesh Kumar',17,NULL,2921,2922,2922,2921,1072,1072,1000.00,NULL,NULL,NULL,26719,NULL,NULL,'UTR090909',NULL,NULL,NULL,NULL,NULL,NULL,NULL,NULL,NULL,NULL,NULL,NULL,NULL,NULL,NULL,NULL,NULL,NULL,NULL,NULL,NULL,NULL,'2019-08-23',NULL,NULL,NULL,NULL,99,NULL,NULL,NULL,NULL,NULL,NULL,NULL,NULL,NULL,NULL,NULL,NULL,NULL,NULL),(141057,NULL,'Deleted','2019-08-20','Vinod Kumar',17,5,2939,2934,2939,2939,1096,1092,501.00,NULL,10.00,'2019-10-30',26769,'2019-08-21',86.69,'UKR1234567','REF098734',70,86.69,25,13.70,9.61,100.00,100.00,4.70,414.31,'','DONE','Select Rate',NULL,0.00,0.00,18.00,501.00,NULL,NULL,NULL,NULL,'2019-08-20',NULL,'Rate Options','2019-08-20','admin',99,0.00,NULL,1.00,0.00,0.00,0.00,0,0.00,1.00,100.00,100.00,0.00,0.00,NULL),(141058,NULL,'Margin Money - Unpaid','2019-08-20','Vinod Kumar',17,5,2939,2934,2939,2939,1096,1092,501.00,-203.00,1.20,'2020-08-29',26769,'2019-08-29',419.44,'UKR1234567','1212',366,419.44,365,2.50,6.03,12.00,25.00,12.53,81.56,'wewewe','wewew',NULL,NULL,NULL,NULL,NULL,501.00,'2019-08-29',40.09,'125845693','2019-08-29','2019-08-23',NULL,'Rate Options',NULL,NULL,11,NULL,NULL,NULL,NULL,NULL,NULL,NULL,NULL,NULL,14.00,12.00,NULL,NULL,366),(141059,NULL,'Deleted','2019-08-20','Raj Kumar',17,5,2939,2934,2939,2939,1096,1069,201.00,97.00,15.00,'2020-08-20',26769,'2019-08-20',232.35,'UTR00090987','CSC004567',366,232.35,35,17.50,43.77,1.00,4.00,4.88,58.65,'DONE','DONE','Select Rate',NULL,0.00,0.00,18.00,291.00,'2019-08-20',-95.12,'234567','2019-08-20','2019-08-20',NULL,'Rate Options','2019-08-20','admin',99,0.00,NULL,10.00,0.00,0.00,0.00,0,0.00,100.00,2.00,3.00,0.00,0.00,366),(141060,NULL,'Margin Money - Unpaid','2019-08-20','Raj Kumar',17,5,2939,2934,2939,2939,1096,1069,201.00,97.00,10.00,'2020-08-20',26769,'2019-08-20',138.24,'UTR00090987','ref',366,138.24,35,13.50,20.16,10.00,10.00,2.60,62.76,NULL,'done',NULL,NULL,NULL,NULL,NULL,201.00,'2019-08-20',902.60,'121232',NULL,'2019-08-23',NULL,'Rate Options',NULL,NULL,11,NULL,NULL,0.00,NULL,NULL,NULL,NULL,NULL,0.00,10.00,10.00,NULL,NULL,366),(141061,NULL,'Deleted','2019-08-21','Raj Kumar',56,57,2954,2961,2954,2954,1096,1066,1000.00,0.00,10.00,'2019-10-31',26770,'2019-08-22',958.57,'utr567894345','ref58964785',70,958.57,25,13.50,19.18,1.00,10.00,9.25,41.43,'complete','done','Select Rate',NULL,0.00,0.00,18.00,1000.00,'2019-08-21',18.70,'695847','2019-08-22','2019-08-21',NULL,'Rate Options','2019-08-21','admin',99,0.00,NULL,0.00,0.00,0.00,0.00,0,0.00,0.00,1.00,1.00,0.00,0.00,71),(141062,NULL,'Deleted','2019-08-21','Raj Kumar',56,NULL,2954,2961,2954,2954,1096,1066,1000.00,0.00,NULL,NULL,26770,NULL,NULL,'utr567894345',NULL,NULL,NULL,NULL,NULL,NULL,NULL,NULL,NULL,NULL,NULL,NULL,NULL,NULL,NULL,NULL,NULL,NULL,NULL,NULL,NULL,NULL,'2019-08-23',NULL,NULL,NULL,NULL,99,NULL,NULL,NULL,NULL,NULL,NULL,NULL,NULL,NULL,NULL,NULL,NULL,NULL,NULL),(141063,NULL,'Deleted','2019-08-22','Mahesh Kumar',56,57,2969,2970,2969,2969,1110,1111,10000.00,0.00,10.00,'2019-10-30',26771,'2019-08-23',9293.84,'UTR0012345ACV','ref000124785Acdsss',68,9293.84,25,17.50,186.30,100.00,100.00,119.86,706.16,'Done1234 447','Done','Annual Rate',83.83,25.00,465.75,18.00,10000.00,'2019-08-22',308.90,'00001424552144','2019-08-23','2019-08-23','LC-22-08-2019','Rate Options','2019-08-22','admin',99,0.00,1,0.00,189.04,0.00,0.00,10,0.00,0.00,100.00,100.00,0.00,0.00,69),(141064,NULL,'Deleted','2019-08-22','Mahesh Kumar',56,NULL,2969,2970,2969,2969,1110,1111,10000.00,0.00,NULL,NULL,26771,NULL,NULL,'UTR0012345ACV',NULL,NULL,NULL,NULL,NULL,NULL,NULL,NULL,NULL,NULL,NULL,NULL,NULL,NULL,NULL,NULL,NULL,NULL,NULL,NULL,NULL,NULL,'2019-08-23',NULL,NULL,NULL,NULL,99,NULL,NULL,NULL,NULL,NULL,NULL,NULL,NULL,NULL,NULL,NULL,NULL,NULL,NULL),(141065,NULL,'Deleted','2019-08-02','SURESH KUMAR',17,NULL,2946,2947,2947,2946,1091,1092,1118404.00,0.00,NULL,NULL,26749,NULL,NULL,'0',NULL,NULL,NULL,NULL,NULL,NULL,NULL,NULL,NULL,NULL,NULL,NULL,NULL,NULL,NULL,NULL,NULL,NULL,NULL,NULL,NULL,NULL,'2019-08-23',NULL,NULL,NULL,NULL,99,NULL,NULL,NULL,NULL,NULL,NULL,NULL,NULL,NULL,NULL,NULL,NULL,NULL,NULL),(141066,NULL,'Deleted','2019-08-22','Raj Kumar',57,56,2970,2969,2970,2970,1110,1111,50000.00,100000.00,10.00,'2019-11-22',26772,'2019-08-22',48156.40,'Utr012658748777','ref012981778',92,48156.40,25,13.50,1260.27,10.00,1.00,462.33,1843.60,'done123','Done','Select Rate',NULL,0.00,0.00,18.00,50000.00,'2019-08-22',1722.60,'12244555544752111','2019-08-22','2019-08-31','ILC-18-19-956','Rate Options','2019-08-22','admin',99,0.00,1,1.00,0.00,0.00,0.00,0,0.00,1.00,10.00,100.00,0.00,0.00,92),(141067,NULL,'Margin Money - Paid','2019-08-22','Raj Kumar',57,56,2970,2969,2970,2970,1110,1111,50000.00,100000.00,2.50,'2022-08-23',26772,'2019-08-23',45196.65,'Utr012658748777','jjj',1096,45196.65,365,1.50,3760.03,10.00,100.00,751.32,4891.35,NULL,'uyuyu',NULL,NULL,NULL,NULL,NULL,50088.00,NULL,751.32,NULL,NULL,'2019-08-23',NULL,'Rate Options',NULL,NULL,12,NULL,NULL,12.00,NULL,NULL,NULL,NULL,NULL,100.00,20.00,250.00,NULL,NULL,NULL),(141068,NULL,'Deleted','2019-07-19','Bijender',5,NULL,2937,2938,2937,2937,1085,1085,1000.00,99000.00,NULL,NULL,26742,NULL,NULL,'SBI000001',NULL,NULL,NULL,NULL,NULL,NULL,NULL,NULL,NULL,NULL,NULL,NULL,NULL,NULL,NULL,NULL,NULL,NULL,NULL,NULL,NULL,NULL,'2019-08-23',NULL,NULL,NULL,NULL,99,NULL,NULL,NULL,NULL,NULL,NULL,NULL,NULL,NULL,NULL,NULL,NULL,NULL,NULL),(141069,NULL,'Unbilled','2019-08-23','SURESH KUMAR',57,5,2968,2967,2967,2968,1112,1113,1945079.00,50000000.00,8.30,'2019-07-24',26774,'2019-05-30',1915658.19,'UCBAH 19 150 089294','',55,1915658.19,7,10.30,24326.81,944.00,0.00,4000.00,29420.81,'NA',NULL,NULL,NULL,0.00,0.00,0.00,1945079.00,'2019-07-24',4000.00,'12345','2019-07-24','2019-08-31',NULL,'Rate Options','2019-08-23','Ashish Gupta',14,0.00,NULL,0.00,0.00,0.00,0.00,0,0.00,0.00,150.00,0.00,0.00,0.00,0),(141070,NULL,'Deleted','2019-08-23','SURESH KUMAR',57,NULL,2968,2967,2967,2968,1112,1113,1945079.00,50000000.00,NULL,NULL,26774,NULL,NULL,'UCBAH 19 150 089294',NULL,NULL,NULL,NULL,NULL,NULL,NULL,NULL,NULL,NULL,NULL,NULL,NULL,NULL,NULL,NULL,NULL,NULL,NULL,NULL,NULL,NULL,'2019-08-23',NULL,NULL,NULL,NULL,99,NULL,NULL,NULL,NULL,NULL,NULL,NULL,NULL,NULL,NULL,NULL,NULL,NULL,NULL),(141071,NULL,'Deleted','2019-08-13','SURESH KUMAR',17,NULL,2959,2960,2959,2959,1104,1092,200000.00,6035236.00,NULL,NULL,26765,NULL,NULL,'SRCBH 230 19 059 0080391',NULL,NULL,NULL,NULL,NULL,NULL,NULL,NULL,NULL,NULL,NULL,NULL,NULL,NULL,NULL,NULL,NULL,NULL,NULL,NULL,NULL,NULL,'2019-08-29',NULL,NULL,NULL,NULL,99,NULL,NULL,NULL,NULL,NULL,NULL,NULL,NULL,NULL,NULL,NULL,NULL,NULL,NULL),(141072,NULL,'Deleted','2019-08-23','SURESH KUMAR',5,5,2971,2972,2971,2971,1108,1092,1405719.00,50000000.00,0.00,'2019-06-13',26775,NULL,1405719.00,'',NULL,0,1405719.00,0,0.00,0.00,0.00,NULL,0.00,NULL,'',NULL,NULL,NULL,0.00,0.00,0.00,1405719.00,NULL,NULL,NULL,NULL,NULL,NULL,'',NULL,'Ashish Gupta',99,0.00,NULL,0.00,0.00,0.00,0.00,0,0.00,0.00,0.00,0.00,0.00,0.00,NULL),(141073,NULL,'Deleted','2019-05-22','Bijender',17,NULL,2921,2922,2922,2921,1072,1072,200000.00,0.00,NULL,NULL,26719,NULL,NULL,'Axis01234',NULL,NULL,NULL,NULL,NULL,NULL,NULL,NULL,NULL,NULL,NULL,NULL,NULL,NULL,NULL,NULL,NULL,NULL,NULL,NULL,NULL,NULL,'2019-08-19',NULL,NULL,NULL,NULL,99,NULL,NULL,NULL,NULL,NULL,NULL,NULL,NULL,NULL,NULL,NULL,NULL,NULL,NULL),(141074,NULL,'Deleted','2019-05-22','Bijender',17,NULL,2921,2922,2922,2921,1072,1072,200000.00,0.00,NULL,NULL,26719,NULL,NULL,'Axis01234',NULL,NULL,NULL,NULL,NULL,NULL,NULL,NULL,NULL,NULL,NULL,NULL,NULL,NULL,NULL,NULL,NULL,NULL,NULL,NULL,NULL,NULL,'2019-08-29',NULL,NULL,NULL,NULL,99,NULL,NULL,NULL,NULL,NULL,NULL,NULL,NULL,NULL,NULL,NULL,NULL,NULL,NULL),(141075,NULL,'Deleted','2019-08-11','Bijender',57,NULL,2940,2938,2940,2940,1088,1100,1000.00,8000.00,NULL,NULL,26762,NULL,NULL,'UTR000abch2340000',NULL,NULL,NULL,NULL,NULL,NULL,NULL,NULL,NULL,NULL,NULL,NULL,NULL,NULL,NULL,NULL,NULL,NULL,NULL,NULL,NULL,NULL,'2019-08-27',NULL,NULL,NULL,NULL,99,NULL,NULL,NULL,NULL,NULL,NULL,NULL,NULL,NULL,NULL,NULL,NULL,NULL,NULL),(141076,NULL,'Deleted','2019-08-11','Bijender',57,NULL,2940,2938,2940,2940,1088,1100,1000.00,8000.00,NULL,NULL,26762,NULL,NULL,'UTR000abch2340000',NULL,NULL,NULL,NULL,NULL,NULL,NULL,NULL,NULL,NULL,NULL,NULL,NULL,NULL,NULL,NULL,NULL,NULL,NULL,NULL,NULL,NULL,'2019-08-27',NULL,NULL,NULL,NULL,99,NULL,NULL,NULL,NULL,NULL,NULL,NULL,NULL,NULL,NULL,NULL,NULL,NULL,NULL),(141077,NULL,'Deleted','2019-05-29','Arvind chaturvedi',56,NULL,2926,2925,2926,2926,1075,1077,100.00,NULL,NULL,NULL,26724,NULL,NULL,'SS00897',NULL,NULL,NULL,NULL,NULL,NULL,NULL,NULL,NULL,NULL,NULL,NULL,NULL,NULL,NULL,NULL,NULL,NULL,NULL,NULL,NULL,NULL,'2019-08-27',NULL,NULL,NULL,NULL,99,NULL,NULL,NULL,NULL,NULL,NULL,NULL,NULL,NULL,NULL,NULL,NULL,NULL,NULL),(141078,NULL,'Deleted','2019-05-29','Arvind chaturvedi',56,NULL,2926,2925,2926,2926,1075,1077,100.00,NULL,NULL,NULL,26724,NULL,NULL,'SS00897',NULL,NULL,NULL,NULL,NULL,NULL,NULL,NULL,NULL,NULL,NULL,NULL,NULL,NULL,NULL,NULL,NULL,NULL,NULL,NULL,NULL,NULL,'2019-08-29',NULL,NULL,NULL,NULL,99,NULL,NULL,NULL,NULL,NULL,NULL,NULL,NULL,NULL,NULL,NULL,NULL,NULL,NULL),(141079,NULL,'Transactions Authorised','2019-08-27','Varun Kumar',17,56,2974,2975,2974,2974,1114,1115,10000.00,100000.00,10.00,'2019-10-21',26776,'2019-08-28',9562.60,'UTR-TL-007','Ref09891910023',54,9562.60,35,13.50,147.95,10.00,100.00,129.45,437.40,'','done','Select Rate',NULL,0.00,0.00,18.00,10000.00,NULL,129.45,NULL,NULL,'2019-08-27',NULL,'Rate Options','2019-08-27','admin',9,0.00,NULL,0.00,0.00,0.00,0.00,0,0.00,0.00,20.00,30.00,0.00,0.00,NULL),(141080,NULL,'Deleted','2019-08-27','Varun Kumar',17,NULL,2974,2975,2974,2974,1114,1115,10000.00,100000.00,NULL,NULL,26776,NULL,NULL,'UTR-TL-007',NULL,NULL,NULL,NULL,NULL,NULL,NULL,NULL,NULL,NULL,NULL,NULL,NULL,NULL,NULL,NULL,NULL,NULL,NULL,NULL,NULL,NULL,'2019-08-27',NULL,NULL,NULL,NULL,99,NULL,NULL,NULL,NULL,NULL,NULL,NULL,NULL,NULL,NULL,NULL,NULL,NULL,NULL),(141081,NULL,'Deleted','2019-08-27','Varun Kumar',17,NULL,2974,2975,2974,2974,1114,1115,10000.00,100000.00,NULL,NULL,26776,NULL,NULL,'UTR-TL-007',NULL,NULL,NULL,NULL,NULL,NULL,NULL,NULL,NULL,NULL,NULL,NULL,NULL,NULL,NULL,NULL,NULL,NULL,NULL,NULL,NULL,NULL,'2019-08-27',NULL,NULL,NULL,NULL,99,NULL,NULL,NULL,NULL,NULL,NULL,NULL,NULL,NULL,NULL,NULL,NULL,NULL,NULL),(141082,NULL,'Deleted','2019-08-28','Sanjay Kumar',17,56,2974,2975,2974,2974,1114,1115,20000.00,100000.00,0.00,'2019-10-28',26777,'2019-08-30',19910.00,'UTR-TL-002-2019',NULL,59,19910.00,0,0.00,0.00,0.00,NULL,0.00,NULL,'',NULL,'Select Rate',NULL,0.00,0.00,18.00,19910.00,NULL,NULL,NULL,NULL,NULL,NULL,'',NULL,'admin',99,0.00,NULL,100.00,0.00,0.00,0.00,0,0.00,10.00,0.00,0.00,0.00,0.00,NULL),(141083,NULL,'Deleted','2019-07-31','Shubham',57,NULL,2940,2939,2940,2940,1088,1069,100000.00,87500.00,NULL,NULL,26744,NULL,NULL,'UTR001234567',NULL,NULL,NULL,NULL,NULL,NULL,NULL,NULL,NULL,NULL,NULL,NULL,NULL,NULL,NULL,NULL,NULL,NULL,NULL,NULL,NULL,NULL,'2019-08-28',NULL,NULL,NULL,NULL,99,NULL,NULL,NULL,NULL,NULL,NULL,NULL,NULL,NULL,NULL,NULL,NULL,NULL,NULL),(141084,NULL,'Deleted','2019-07-31','Shubham',57,NULL,2940,2939,2940,2940,1088,1069,100000.00,87500.00,NULL,NULL,26744,NULL,NULL,'UTR001234567',NULL,NULL,NULL,NULL,NULL,NULL,NULL,NULL,NULL,NULL,NULL,NULL,NULL,NULL,NULL,NULL,NULL,NULL,NULL,NULL,NULL,NULL,'2019-08-29',NULL,NULL,NULL,NULL,99,NULL,NULL,NULL,NULL,NULL,NULL,NULL,NULL,NULL,NULL,NULL,NULL,NULL,NULL),(141085,NULL,'Transactions Authorised','2019-08-28','SURESH KUMAR',56,17,2976,2977,2976,2976,1116,1092,30619441.00,50000000.00,8.35,'2019-08-23',26780,'2019-05-29',29937727.10,'SIBLN 19 149 161580','',86,29937727.10,7,13.00,602407.00,1180.00,0.00,77000.00,681713.90,'',NULL,NULL,NULL,0.00,0.00,0.00,30619441.00,NULL,77000.00,NULL,NULL,'2019-08-28',NULL,'Rate Options','2019-08-28','Ashish Gupta',9,0.00,NULL,0.00,0.00,0.00,0.00,0,0.00,0.00,1067.90,59.00,0.00,0.00,NULL),(141086,NULL,'Deleted','2019-08-28','SURESH KUMAR',56,17,2976,2977,2976,2976,1116,1092,30619441.00,50000000.00,NULL,NULL,26780,NULL,NULL,'SIBLN 19 149 161580','',NULL,NULL,NULL,NULL,NULL,NULL,NULL,NULL,NULL,NULL,NULL,'Flat Amount',3240.00,0.00,18000.00,NULL,NULL,NULL,NULL,NULL,NULL,'2019-08-31','DL-ILC-19-20-780','Rate Options',NULL,NULL,99,NULL,1,NULL,NULL,NULL,NULL,NULL,NULL,NULL,NULL,NULL,NULL,NULL,NULL),(141087,NULL,'Deleted','2019-08-28','SURESH KUMAR',56,NULL,2976,2977,2976,2976,1116,1092,30619441.00,50000000.00,NULL,NULL,26780,NULL,NULL,'SIBLN 19 149 161580',NULL,NULL,NULL,NULL,NULL,NULL,NULL,NULL,NULL,NULL,NULL,NULL,NULL,NULL,NULL,NULL,NULL,NULL,NULL,NULL,NULL,NULL,'2019-08-28',NULL,NULL,NULL,NULL,99,NULL,NULL,NULL,NULL,NULL,NULL,NULL,NULL,NULL,NULL,NULL,NULL,NULL,NULL),(141088,NULL,'Margin Money - Unpaid','2019-08-28','SURESH KUMAR',56,17,2980,2981,2980,2980,1118,1117,3519973.00,50000000.00,8.00,'2019-06-30',26781,'2019-04-06',3443625.00,'SIBLR 5 2019 04 06 001 53720','',85,3443625.00,7,13.00,65578.00,1180.00,0.00,9000.00,76348.00,'',NULL,NULL,NULL,0.00,0.00,0.00,3519973.00,NULL,9000.00,NULL,NULL,'2019-08-29',NULL,'Rate Options','2019-08-28','Ashish Gupta',11,0.00,NULL,0.00,0.00,0.00,0.00,0,0.00,0.00,531.00,59.00,0.00,0.00,NULL),(141089,NULL,'Deleted','2019-08-28','SURESH KUMAR',56,NULL,2980,2981,2980,2980,1118,1117,3519973.00,50000000.00,NULL,NULL,26781,NULL,NULL,'SIBLR 5 2019 04 06 001 53720',NULL,NULL,NULL,NULL,NULL,NULL,NULL,NULL,NULL,NULL,NULL,NULL,NULL,NULL,NULL,NULL,NULL,NULL,NULL,NULL,NULL,NULL,'2019-08-31',NULL,NULL,NULL,NULL,99,NULL,NULL,NULL,NULL,NULL,NULL,NULL,NULL,NULL,NULL,NULL,NULL,NULL,NULL),(141090,NULL,'Margin Money - Paid','2019-08-28','SURESH KUMAR',56,17,2980,2981,2980,2980,1118,1117,3519973.00,4102554.00,8.00,'2019-06-30',26781,'2019-04-06',3443625.00,'SIBLR 5 2019 04 06 001 53720','',85,3443625.00,7,13.00,65578.00,1180.00,0.00,9000.00,76348.00,NULL,NULL,NULL,NULL,NULL,NULL,NULL,3519973.00,'2019-06-30',9000.00,'52019040600153720','2019-06-30','2019-08-29',NULL,'Rate Options',NULL,NULL,12,NULL,NULL,0.00,NULL,NULL,NULL,NULL,NULL,0.00,531.00,59.00,NULL,NULL,0),(141091,NULL,'Unbilled','2019-08-17','Vinod Kumar',57,NULL,2961,2962,2961,2961,1105,1106,500.00,0.00,1.20,'2021-08-29',26766,'2019-08-29',343.48,'Utr2389711','12121',731,343.48,365,2.50,12.02,10.00,100.00,12.50,156.52,'wewewe','wewewew','Annual Rate',180.25,100.00,1001.37,NULL,500.00,'2019-08-29',66.57,'151254520','2019-08-29','2019-09-09','LC-001-2019',NULL,NULL,'sachin',14,NULL,1,100.00,NULL,NULL,NULL,NULL,140.00,100.00,12.00,10.00,NULL,NULL,731),(141092,NULL,'Unpaid Due Dates','2019-08-17','Vinod Kumar',57,NULL,2961,2962,2961,2961,1105,1106,500.00,0.00,1.20,'2021-08-29',26766,'2019-08-29',343.48,'Utr2389711','12121',731,343.48,365,2.50,12.02,10.00,100.00,12.50,156.52,'wewewe','wewewew','Annual Rate',180.25,100.00,1001.37,NULL,500.00,'2019-08-29',66.57,'151254520','2019-08-29','2019-08-29',NULL,NULL,NULL,'sachin',10,NULL,NULL,100.00,NULL,NULL,NULL,NULL,140.00,100.00,12.00,10.00,NULL,NULL,731),(141093,NULL,'Accounts Processing','2019-08-12','Harpreet',17,NULL,2957,2958,2958,2957,1102,1102,100.00,2568693.00,1.20,'2020-08-29',26763,'2019-08-29',18.04,'','1212',366,18.04,365,2.50,0.96,10.00,25.00,2.00,61.96,'121212','02020',NULL,NULL,NULL,NULL,NULL,80.00,'2019-08-29',19.51,'12121','2019-08-29','2019-08-29',NULL,NULL,NULL,'sachin',13,NULL,NULL,120.00,NULL,NULL,NULL,NULL,NULL,100.00,12.00,12.00,NULL,NULL,366),(141094,NULL,'Unpaid Due Dates','2019-08-12','Harpreet',17,NULL,2957,2958,2958,2957,1102,1102,100.00,2568693.00,1.20,'2020-08-29',26763,'2019-08-29',18.04,'','1212',366,18.04,365,2.50,0.96,10.00,25.00,2.00,61.96,'121212','02020',NULL,NULL,NULL,NULL,NULL,80.00,'2019-08-29',19.51,'12121','2019-08-29','2019-08-29',NULL,NULL,NULL,'sachin',10,NULL,NULL,120.00,NULL,NULL,NULL,NULL,NULL,100.00,12.00,12.00,NULL,NULL,366),(141095,NULL,'New Transactions','2019-08-30','Suresh Kumar',57,55,2940,2939,2940,2940,1088,1115,10000.00,0.00,10.00,'2019-10-23',26744,'2019-08-30',8548.21,'Sy001234564587-TL','ref8795874-lik',54,8548.21,25,13.70,147.95,10.00,1000.00,93.84,1451.79,'done1245','done','Select Rate',NULL,0.00,0.00,18.00,10000.00,'2019-08-30',1663.29,'1000','2019-08-30',NULL,NULL,'',NULL,'admin',0,0.00,NULL,10.00,1479.45,100.00,10.00,100,0.00,10.00,100.00,100.00,0.00,0.00,54),(141096,NULL,'Margin Money - Paid','2019-08-30','Bijender Dheman',5,57,2975,2974,2975,2975,1114,1115,20000.00,200000.00,15.00,'2019-10-23',26782,'2019-08-31',20000.00,'UTR-TL-20082-001','REF-125-pl-004578',53,19155.29,35,17.50,437.58,10.00,100.00,337.13,934.71,'MARGIN DONE','DONE123','Select Rate',NULL,0.00,0.00,18.00,20090.00,'2019-09-03',711.10,'123456','2019-09-04','2019-08-30',NULL,'Rate Options','2019-08-30','admin',12,0.00,NULL,10.00,0.00,0.00,0.00,0,0.00,100.00,20.00,30.00,0.00,0.00,50),(141097,NULL,'Deleted','2019-08-30','Bijender Dheman',5,57,2975,2974,2975,2975,1114,1115,20000.00,200000.00,15.00,'2019-10-23',26782,'2019-08-31',20000.00,'UTR-TL-20082-001','REF-125-pl-004578',53,19155.29,35,17.50,437.58,10.00,100.00,337.13,934.71,'','DONE123','Rate Amount',18.00,0.50,100.00,18.00,20090.00,NULL,337.13,NULL,NULL,'2019-08-30','ILC-19-20-776','Rate Options','2019-08-30','admin',99,NULL,1,10.00,0.00,0.00,0.00,0,0.00,100.00,20.00,30.00,0.00,0.00,NULL),(141098,NULL,'Unpaid Due Dates','2019-08-30','Bijender Dheman',5,NULL,2975,2974,2975,2975,1114,1115,20000.00,200000.00,15.00,'2019-10-23',26782,'2019-08-31',20000.00,'UTR-TL-20082-001','REF-125-pl-004578',53,19155.29,35,17.50,437.58,10.00,100.00,337.13,934.71,'','DONE123','Select Rate',NULL,0.00,0.00,18.00,20090.00,NULL,337.13,NULL,NULL,'2019-08-30',NULL,NULL,'2019-08-30','admin',10,NULL,NULL,10.00,0.00,0.00,0.00,0,0.00,100.00,20.00,30.00,0.00,0.00,NULL),(141099,NULL,'Deleted','2019-08-30','Bijender Dheman',5,NULL,2975,2974,2975,2975,1114,1115,20000.00,200000.00,15.00,'2019-10-23',26782,'2019-08-31',20000.00,'UTR-TL-20082-001','REF-125-pl-004578',53,19155.29,35,17.50,437.58,10.00,100.00,337.13,934.71,'','DONE123','Select Rate',NULL,0.00,0.00,18.00,20090.00,NULL,337.13,NULL,NULL,'2019-08-31',NULL,NULL,'2019-08-30','admin',99,NULL,NULL,10.00,0.00,0.00,0.00,0,0.00,100.00,20.00,30.00,0.00,0.00,NULL),(141100,NULL,'Margin Money - Unpaid','2019-08-30','Bijender Dheman',5,NULL,2975,2974,2975,2975,1114,1115,20000.00,200000.00,15.00,'2019-10-23',26782,'2019-08-31',20000.00,'UTR-TL-20082-001','REF-125-pl-004578',53,19155.29,35,17.50,437.58,10.00,100.00,337.13,934.71,'','DONE123','Select Rate',NULL,0.00,0.00,18.00,20090.00,NULL,337.13,NULL,NULL,'2019-09-27',NULL,NULL,'2019-08-30','admin',11,NULL,NULL,10.00,0.00,0.00,0.00,0,0.00,100.00,20.00,30.00,0.00,0.00,NULL),(141101,NULL,'Deleted','2019-05-24','',27,NULL,2923,2924,2923,2923,1072,1072,900.00,199000.00,8.50,NULL,26721,NULL,0.00,'uT1524877','GGN00012',85,843.00,1,13.50,17.82,10.00,10.00,0.33,57.00,'','done','Select Rate',NULL,0.00,0.00,18.00,900.00,NULL,NULL,NULL,NULL,'2019-08-30','ILC-17-18-242',NULL,'2019-05-28','admin',99,NULL,1,0.00,0.00,0.00,0.00,0,0.00,0.00,10.00,10.00,0.00,0.00,NULL),(141102,NULL,'Deleted','2019-05-24','',27,NULL,2923,2924,2923,2923,1072,1072,900.00,199000.00,8.50,NULL,26721,NULL,0.00,'uT1524877','GGN00012',85,843.00,1,13.50,17.82,10.00,10.00,0.33,57.00,'','done','Select Rate',NULL,0.00,0.00,18.00,900.00,NULL,NULL,NULL,NULL,'2019-08-30','ILC-17-18-242',NULL,'2019-05-28','admin',99,NULL,1,0.00,0.00,0.00,0.00,0,0.00,0.00,10.00,10.00,0.00,0.00,NULL),(141103,NULL,'Deleted','2019-08-30','',56,17,2980,2935,2980,2980,1096,1097,NULL,50000000.00,0.00,NULL,26783,'2019-08-30',NULL,'','',0,NULL,0,0.00,0.00,0.00,NULL,0.00,NULL,'',NULL,'Select Rate',NULL,0.00,0.00,18.00,0.00,NULL,NULL,NULL,NULL,NULL,NULL,'Rate Options',NULL,'admin',99,0.00,NULL,0.00,2232.00,0.00,0.00,0,0.00,0.00,0.00,0.00,0.00,0.00,NULL),(141104,NULL,'Transactions Authorised','2019-08-30','Amardeep Singh',17,5,2983,2984,2983,2983,1119,1120,100000.00,500000.00,17.00,'2019-10-26',26784,'2019-09-02',95500.00,'UTR-001-STL12356876','FB098GTH097-01',54,95464.63,35,19.50,2515.32,10.00,100.00,1870.05,4545.37,'','DONE','Select Rate',NULL,0.00,0.00,18.00,100010.00,NULL,1870.05,NULL,NULL,'2019-08-30',NULL,'Rate Options','2019-08-30','admin',9,0.00,NULL,10.00,0.00,0.00,0.00,0,0.00,20.00,20.00,30.00,0.00,0.00,NULL),(141105,NULL,'Billed','2019-08-30','Amardeep Singh',17,5,2983,2984,2983,2983,1119,1120,100000.00,500000.00,17.00,'2019-10-26',26784,'2019-09-02',95500.00,'UTR-001-STL12356876','FB098GTH097-01',54,95464.63,35,19.50,2515.32,10.00,100.00,1870.05,4545.37,'','DONE','Annual Rate',665.75,25.00,3698.63,18.00,100010.00,NULL,1870.05,NULL,NULL,'2019-08-30','LC-001-2019','Rate Options','2019-08-30','admin',15,NULL,1,10.00,0.00,0.00,0.00,0,0.00,20.00,20.00,30.00,0.00,0.00,NULL),(141106,NULL,'Margin Money - Paid','2019-08-30','Amardeep Singh',17,5,2983,2984,2983,2983,1119,1120,100000.00,500000.00,17.00,'2019-10-26',26784,'2019-09-02',95500.00,'UTR-001-STL12356876','FB098GTH097-01',54,95464.63,35,19.50,2515.32,10.00,100.00,1870.05,4545.37,'Margin Done','DONE','Annual Rate',399.45,15.00,2219.18,18.00,100010.00,'2019-09-06',3169.91,'345454','2019-09-06','2019-08-31',NULL,'Rate Options','2019-08-30','admin',12,1.00,NULL,10.00,0.00,0.00,0.00,0,2.00,20.00,20.00,30.00,0.00,0.00,50),(141107,NULL,'Transactions Authorised','2019-08-31','Amit Kumar',17,5,2983,2984,2983,2983,1119,1120,200000.00,500000.00,10.00,'2019-10-23',26785,'2019-09-01',200000.00,'UTR-PL-0109-SEP1258794','Ref-001-ABCL254879',52,194358.64,35,13.50,2849.32,1.00,100.00,2589.04,5641.36,'','Ops done','Select Rate',NULL,0.00,0.00,18.00,200000.00,NULL,2589.04,NULL,NULL,'2019-08-31',NULL,'Rate Options','2019-08-31','admin',9,0.00,NULL,0.00,0.00,0.00,0.00,0,0.00,0.00,2.00,100.00,0.00,0.00,NULL),(141108,NULL,'Unbilled','2019-08-31','Amit Kumar',17,NULL,2983,2984,2983,2983,1119,1120,200000.00,500000.00,10.00,'2019-10-23',26785,'2019-09-01',200000.00,'UTR-PL-0109-SEP1258794','Ref-001-ABCL254879',52,194358.64,35,13.50,2849.32,1.00,100.00,2589.04,5641.36,'','Ops done','Select Rate',NULL,0.00,0.00,18.00,200000.00,NULL,2589.04,NULL,NULL,'2019-09-02',NULL,NULL,'2019-08-31','admin',14,NULL,NULL,0.00,0.00,0.00,0.00,0,0.00,0.00,2.00,100.00,0.00,0.00,NULL),(141109,NULL,'Unpaid Due Dates','2019-08-31','Amit Kumar',17,5,2983,2984,2983,2983,1119,1120,200000.00,500000.00,10.00,'2019-10-23',26785,'2019-09-01',20000.00,'UTR-PL-0109-SEP1258794','Ref-001-ABCL254879',52,194358.64,35,13.50,2849.32,1.00,100.00,2589.04,5641.36,'','Ops done','Select Rate',NULL,0.00,0.00,18.00,200000.00,NULL,2589.04,NULL,NULL,'2019-08-31',NULL,'Rate Options','2019-08-31','admin',10,NULL,NULL,0.00,0.00,0.00,0.00,0,0.00,0.00,2.00,100.00,0.00,0.00,NULL),(141110,NULL,'Transactions Authorised','2019-09-02','Surjeet Kumar',17,5,2983,2984,2983,2983,1119,1120,100000.00,NULL,10.00,'2019-10-24',26786,'2019-09-03',90000.00,'utr-02-sep-2019','ref-02092019-sep02',51,96737.42,50,13.50,1397.26,1.00,10.00,1849.32,3262.58,'','Done','Select Rate',NULL,0.00,0.00,18.00,100000.00,NULL,1849.32,NULL,NULL,'2019-09-02',NULL,'Rate Options','2019-09-02','admin',9,0.00,NULL,0.00,0.00,0.00,0.00,0,0.00,0.00,2.00,3.00,0.00,0.00,NULL),(141111,NULL,'Unbilled','2019-09-02','Surjeet Kumar',17,5,2983,2984,2983,2983,1119,1120,100000.00,NULL,10.00,'2019-10-24',26786,'2019-09-03',90000.00,'utr-02-sep-2019','ref-02092019-sep02',51,96737.42,50,13.50,1397.26,1.00,10.00,1849.32,3262.58,'','Done','Annual Rate',503.01,20.00,2794.52,18.00,100000.00,NULL,1849.32,NULL,NULL,'2019-09-02','LC-002SEP-2019','Rate Options','2019-09-02','admin',14,NULL,1,0.00,0.00,0.00,0.00,0,0.00,0.00,2.00,3.00,0.00,0.00,NULL),(141112,NULL,'Margin Money - Unpaid','2019-09-02','Surjeet Kumar',17,NULL,2983,2984,2983,2983,1119,1120,100000.00,NULL,10.00,'2019-10-24',26786,'2019-09-03',90000.00,'utr-02-sep-2019','ref-02092019-sep02',51,96737.42,50,13.50,1397.26,1.00,10.00,1849.32,3262.58,'','Done','Select Rate',NULL,0.00,0.00,18.00,100000.00,NULL,1849.32,NULL,NULL,'2019-09-02',NULL,NULL,'2019-09-02','admin',11,NULL,NULL,0.00,0.00,0.00,0.00,0,0.00,0.00,2.00,3.00,0.00,0.00,NULL),(141113,NULL,'Ops Processing','2019-09-02','VINOD KUMAR',17,17,2914,2915,2914,2914,1067,1117,21936365.00,NULL,0.00,'2019-12-01',26787,NULL,21936365.00,'xyz','',0,21936365.00,0,0.00,0.00,0.00,NULL,0.00,0.00,'',NULL,'Select Rate',NULL,0.00,0.00,18.00,21936365.00,NULL,NULL,NULL,NULL,'2019-09-03',NULL,'Rate Options','2019-09-02','Raj Kumar',7,0.00,NULL,0.00,0.00,0.00,0.00,0,0.00,0.00,0.00,0.00,0.00,0.00,NULL),(141114,NULL,'Transactions On Hold','2019-09-02','PARVESH SHARMA',5,57,2950,2948,2948,2950,1093,1094,10000.00,NULL,10.00,'2019-11-29',26788,'2019-09-16',9438.14,'UTR0009098704154','ref001524870101',74,9438.14,45,13.50,200.92,1.00,100.00,164.94,471.86,'','done',NULL,NULL,0.00,0.00,0.00,9910.00,NULL,164.94,NULL,NULL,'2019-09-02',NULL,'Rate Options',NULL,'Manish Gupta',16,0.00,NULL,100.00,0.00,0.00,0.00,0,0.00,10.00,2.00,3.00,0.00,0.00,NULL),(141115,NULL,'Forwarding Letter','2019-09-03','',17,17,2914,2915,2914,2914,1067,1117,3143315.00,NULL,0.00,'2019-12-02',26787,NULL,3143315.00,'','',0,3143315.00,0,0.00,0.00,0.00,NULL,0.00,0.00,'',NULL,'Select Rate',NULL,0.00,0.00,18.00,3143315.00,NULL,0.00,NULL,NULL,'2019-09-03',NULL,'Rate Options','2019-09-03','Raj Kumar',1,0.00,NULL,0.00,0.00,0.00,0.00,0,0.00,0.00,0.00,0.00,0.00,0.00,NULL);
/*!40000 ALTER TABLE `ilc_tx_master` ENABLE KEYS */;
UNLOCK TABLES;

--
-- Table structure for table `ilc_user_details`
--

DROP TABLE IF EXISTS `ilc_user_details`;
/*!40101 SET @saved_cs_client     = @@character_set_client */;
/*!40101 SET character_set_client = utf8 */;
CREATE TABLE `ilc_user_details` (
  `user_id` int(11) NOT NULL AUTO_INCREMENT,
  `name` varchar(100) NOT NULL,
  `email` varchar(100) NOT NULL,
  `password` varchar(100) NOT NULL,
  `mob_no` varchar(100) DEFAULT NULL,
  `desingation` int(11) NOT NULL,
  `is_Active` char(1) NOT NULL,
  `email_notify` varchar(500) NOT NULL,
  PRIMARY KEY (`user_id`),
  KEY `FK_ilc_user_details` (`desingation`)
) ENGINE=InnoDB AUTO_INCREMENT=58 DEFAULT CHARSET=latin1;
/*!40101 SET character_set_client = @saved_cs_client */;

--
-- Dumping data for table `ilc_user_details`
--

LOCK TABLES `ilc_user_details` WRITE;
/*!40000 ALTER TABLE `ilc_user_details` DISABLE KEYS */;
INSERT INTO `ilc_user_details` VALUES (1,'Rajan Dutta','rajen.d@investeurs.com','secure','919810119260',1,'Y',''),(3,'','','','',1,'N',''),(5,'Abhay Jain','abhay@investeurs.com','429177','919650293891',8,'Y','New Transactions, Forwarding Letter, Confirmation Awaited, Confirmation Received, Payment On Hold, Payment In Progress, Transactions Disbursed, Ops Processing, Transactions To Be Authorised, Transactions Authorised, Margin Money - Unpaid, Margin Money - Paid, Unpaid Due Dates'),(6,'','','','',6,'N','Transactions Authorised, Billed, Unbilled'),(7,'ravi','ravi@investeurs.com','123','888888',7,'Y','Transactions Authorised, Billed'),(8,'','','','',3,'N',''),(17,'Bijender Kumar','brij.k@investeurs.com','brij29','919818666967',8,'Y',''),(21,'Sumanta Mahakul','sumanta@investeurs.com','suman654','919818666968',8,'Y',''),(22,'Jaya Sudha','jaya@investeurs.com','Jaya765','919818666971',8,'N','New Transactions, Forwarding Letter, Confirmation Awaited, Confirmation Received, Payment On Hold, Payment In Progress, Transactions Disbursed'),(23,'','','','',1,'Y',''),(24,'','','','',8,'N',''),(25,'','','','',8,'Y',''),(26,'Harpreet Kaur','harpreet@investeurs.com','K@2017','919910164269',8,'Y','New Transactions, Forwarding Letter, Confirmation Awaited, Confirmation Received, Payment On Hold, Payment In Progress, Transactions Disbursed, Ops Processing, Transactions To Be Authorised, Transactions Authorised, Margin Money - Unpaid, Margin Money - Paid, Unpaid Due Dates'),(27,'','','','',0,'Y','New Transactions, Forwarding Letter, Confirmation Awaited, Confirmation Received, Payment On Hold, Payment In Progress, Transactions Disbursed, Transactions Authorised, Billed, Unbilled'),(28,'Raj Kumar','lc@investeurs.com','362373','919818666969',3,'Y',''),(29,'Dilshad Ali','YYYYdilshad@investeurs.com','removed','919818666970',3,'N',''),(30,'','','','',7,'Y',''),(31,'ICPL Accounts','accounts@investeurs.com','accounts','99999999',7,'Y','Transactions Authorised, Unbilled, Billed, Accounts Processing'),(32,'','','630877','99999999',7,'Y','New Transactions, Forwarding Letter, Confirmation Awaited, Confirmation Received, Payment On Hold, Payment In Progress, Transactions Disbursed,Transactions Authorised, Billed, Unbilled'),(33,'Sanna','sanna@quantsadvisory.com','s123456','99999999',8,'Y','New Transactions, Forwarding Letter, Confirmation Awaited, Confirmation Received, Payment On Hold, Payment In Progress, Transactions Disbursed,Transactions Authorised, Billed, Unbilled'),(34,'','','644303','99999999',8,'Y',''),(35,'Bijender Dheman','bijender.dheman@investeurs.com','p@ssw0rd','9891910718',3,'Y','New Transactions, Confirmation Received, Transactions Disbursed'),(36,'','','','',8,'Y','0'),(37,'','','','',3,'N',''),(38,'','','','',8,'Y','Forwarding Letter, Confirmation Received, Payment In Progress, Transactions Disbursed, Billed'),(39,'','','','',8,'Y','New Transactions, Forwarding Letter, Confirmation Received, Payment In Progress, Transactions Disbursed, Billed'),(40,'Manish Gupta','guptam@investeurs.com','Manish@2017','919818666970',3,'Y',''),(41,'Reetika Sharma','yyyyyyreetika@investeurs.com','reetika','9999999999',8,'Y','New Transactions, Forwarding Letter, Confirmation Awaited, Confirmation Received, Payment On Hold, Payment In Progress, Transactions Disbursed, Transactions Authorised, Billed, Unbilled'),(42,'Ashish Gupta','ashish@investeurs.com','ashish','918860782834',3,'Y','New Transactions, Forwarding Letter, Confirmation Awaited, Confirmation Received, Payment On Hold, Payment In Progress, Transactions Disbursed, Ops Processing, Transactions To Be Authorised, Transactions Authorised, Margin Money - Unpaid, Margin Money - Paid, Unpaid Due Dates'),(43,'Amit Kumar','dtf.services@investeurs.com','K@2018','9560288880',3,'Y','Ops Processing, Transactions To Be Authorised, Transactions Authorised, Margin Money - Unpaid, Margin Money - Paid, Unpaid Due Dates'),(44,'','','','',3,'Y',''),(45,'','','','',9,'Y',''),(46,'Aanchal Sharma','aanchal@investeurs.com','123456789','9999999999',8,'Y','New Transactions, Forwarding Letter, Confirmation Awaited, Confirmation Received, Payment On Hold, Payment In Progress, Transactions Disbursed, Transactions Authorised, Billed, Unbilled'),(47,'','','','',9,'N','New Transactions, Forwarding Letter, Confirmation Awaited, Confirmation Received, Payment On Hold, Payment In Progress, Transactions Disbursed, Ops Processing, Transactions To Be Authorised, Transactions Authorised, Margin Money - Unpaid, Margin Money - Paid, Unpaid Due Dates'),(48,'Rakesh Nayak','rakesh.nayak@investeurs.com','nayak2018','9818666965',8,'Y','New Transactions, Forwarding Letter, Confirmation Awaited, Confirmation Received, Payment On Hold, Payment In Progress, Transactions Disbursed, Transactions Authorised, Billed, Unbilled'),(49,'Del Scan','del.scan@investeurs.com','scan','999999999',3,'Y','New Transactions, Forwarding Letter, Confirmation Awaited, Confirmation Received, Payment On Hold, Payment In Progress, Transactions Disbursed, Ops Processing, Transactions To Be Authorised, Transactions Authorised, Margin Money - Unpaid, Margin Money - Paid, Unpaid Due Dates'),(50,'admin','admin@investeurs.com','admin@123','9717323931',3,'Y','New Transactions, Forwarding Letter, Confirmation Awaited, Confirmation Received, Payment On Hold, Payment In Progress, Transactions Disbursed, Ops Processing, Transactions To Be Authorised, Transactions Authorised, Margin Money - Unpaid, Margin Money - Paid, Unpaid Due Dates'),(51,'sachin','arvind.thelotus02@gmail.com','123','9717323931',3,'Y','New Transactions, Forwarding Letter, Confirmation Awaited, Confirmation Received, Payment On Hold, Payment In Progress, Transactions Disbursed, Ops Processing, Transactions To Be Authorised, Transactions Authorised, Margin Money - Unpaid, Margin Money - Paid, Unpaid Due Dates'),(52,'Harshit sharma','accounts.icpl@investeurs.com','sairam','9953968466',3,'Y','New Transactions, Forwarding Letter, Confirmation Awaited, Confirmation Received, Payment On Hold, Payment In Progress, Transactions Disbursed, Ops Processing, Transactions To Be Authorised, Transactions Authorised, Margin Money - Unpaid, Margin Money - Paid, Unpaid Due Dates'),(54,'Bijender dheman','bijender.dheman@investeurs.com','password','9891910718',3,'Y','New Transactions, Forwarding Letter, Confirmation Awaited, Confirmation Received, Payment On Hold, Payment In Progress, Transactions Disbursed, Ops Processing, Transactions To Be Authorised, Transactions Authorised, Margin Money - Unpaid, Margin Money - Paid, Unpaid Due Dates'),(55,'Shubham kumar','itsupport@investeurs.com','123','8127438844',3,'Y','New Transactions, Forwarding Letter, Confirmation Awaited, Confirmation Received, Payment On Hold, Payment In Progress, Transactions Disbursed, Ops Processing, Transactions To Be Authorised, Transactions Authorised, Margin Money - Unpaid, Margin Money - Paid, Unpaid Due Dates'),(56,'Priyanka gaur','priyanka.gaur@investeurs.com','G@2019','9650293895',3,'Y','New Transactions, Forwarding Letter, Confirmation Awaited, Confirmation Received, Payment On Hold, Payment In Progress, Transactions Disbursed, Ops Processing, Transactions To Be Authorised, Transactions Authorised, Margin Money - Unpaid, Margin Money - Paid, Unpaid Due Dates'),(57,'Ajay bhardwaj','ajay.bhardwaj@investeurs.com','B@2019','9650293898',3,'Y','New Transactions, Forwarding Letter, Confirmation Awaited, Confirmation Received, Payment On Hold, Payment In Progress, Transactions Disbursed, Ops Processing, Transactions To Be Authorised, Transactions Authorised, Margin Money - Unpaid, Margin Money - Paid, Unpaid Due Dates');
/*!40000 ALTER TABLE `ilc_user_details` ENABLE KEYS */;
UNLOCK TABLES;

--
-- Table structure for table `ilc_user_privileges`
--

DROP TABLE IF EXISTS `ilc_user_privileges`;
/*!40101 SET @saved_cs_client     = @@character_set_client */;
/*!40101 SET character_set_client = utf8 */;
CREATE TABLE `ilc_user_privileges` (
  `priv_id` int(11) NOT NULL AUTO_INCREMENT,
  `designation` varchar(100) DEFAULT NULL,
  `add_edit_view_discounting_field` char(1) DEFAULT NULL,
  `add_edit_view_discounting_operation` char(1) DEFAULT NULL,
  `add_edit_view_discounting_acounts` char(1) DEFAULT NULL,
  `generate_report_field` char(1) DEFAULT NULL,
  `generate_report_operation` char(1) DEFAULT NULL,
  `generate_report_account` char(1) DEFAULT NULL,
  `manage_LC` char(1) DEFAULT NULL,
  `manage_client` char(1) DEFAULT NULL,
  `manage_bank` char(1) DEFAULT NULL,
  `manage_user` char(1) DEFAULT NULL,
  `authorize_discounting` char(1) DEFAULT NULL,
  `send_invoice` char(1) DEFAULT NULL,
  `login` char(1) DEFAULT NULL,
  `view_order_mobile` char(1) DEFAULT NULL,
  `add_LC_data_mobile` char(1) DEFAULT NULL,
  PRIMARY KEY (`priv_id`)
) ENGINE=InnoDB AUTO_INCREMENT=11 DEFAULT CHARSET=latin1;
/*!40101 SET character_set_client = @saved_cs_client */;

--
-- Dumping data for table `ilc_user_privileges`
--

LOCK TABLES `ilc_user_privileges` WRITE;
/*!40000 ALTER TABLE `ilc_user_privileges` DISABLE KEYS */;
INSERT INTO `ilc_user_privileges` VALUES (1,'Super_User','Y','Y','Y','Y','Y','Y','Y','Y','Y','Y','Y','Y','Y','Y','Y'),(2,'Field',NULL,NULL,NULL,NULL,NULL,NULL,NULL,NULL,NULL,NULL,NULL,NULL,NULL,'Y','Y'),(3,'Field Manager','Y',NULL,NULL,'Y',NULL,NULL,NULL,NULL,NULL,NULL,NULL,NULL,'Y',NULL,NULL),(4,'Operations','Y','Y',NULL,'Y','Y',NULL,'Y','Y','Y',NULL,NULL,NULL,'Y',NULL,NULL),(5,'Operations Lead','Y','Y',NULL,NULL,'Y',NULL,'Y','Y','Y',NULL,'Y',NULL,'Y',NULL,NULL),(6,'Accounts',NULL,NULL,'Y',NULL,NULL,'Y',NULL,NULL,NULL,NULL,NULL,NULL,'Y',NULL,NULL),(7,'Accounts Lead',NULL,NULL,'Y',NULL,NULL,'Y',NULL,NULL,NULL,NULL,NULL,'Y','Y',NULL,NULL),(8,'RM',NULL,NULL,NULL,NULL,NULL,NULL,NULL,NULL,NULL,NULL,NULL,NULL,NULL,NULL,NULL),(9,'Operations Head','Y','Y','Y','Y','Y','Y','Y','Y','Y',NULL,'Y','Y','Y','Y','Y'),(10,'Vertical Head',NULL,NULL,NULL,NULL,'Y',NULL,NULL,NULL,NULL,NULL,NULL,NULL,'Y',NULL,NULL);
/*!40000 ALTER TABLE `ilc_user_privileges` ENABLE KEYS */;
UNLOCK TABLES;

--
-- Table structure for table `ilc_user_role`
--

DROP TABLE IF EXISTS `ilc_user_role`;
/*!40101 SET @saved_cs_client     = @@character_set_client */;
/*!40101 SET character_set_client = utf8 */;
CREATE TABLE `ilc_user_role` (
  `user_role_id` int(11) NOT NULL AUTO_INCREMENT,
  `user_id` int(11) DEFAULT NULL,
  `role_id` int(11) DEFAULT NULL,
  PRIMARY KEY (`user_role_id`),
  KEY `fk_user` (`user_id`),
  KEY `fk_role` (`role_id`),
  CONSTRAINT `fk_role` FOREIGN KEY (`role_id`) REFERENCES `ilc_roles` (`role_id`) ON DELETE NO ACTION ON UPDATE NO ACTION,
  CONSTRAINT `fk_user` FOREIGN KEY (`user_id`) REFERENCES `ilc_user_details` (`user_id`) ON DELETE NO ACTION ON UPDATE NO ACTION
) ENGINE=InnoDB AUTO_INCREMENT=25 DEFAULT CHARSET=latin1;
/*!40101 SET character_set_client = @saved_cs_client */;

--
-- Dumping data for table `ilc_user_role`
--

LOCK TABLES `ilc_user_role` WRITE;
/*!40000 ALTER TABLE `ilc_user_role` DISABLE KEYS */;
INSERT INTO `ilc_user_role` VALUES (1,1,1),(2,28,2),(3,29,2),(4,5,3),(5,17,1),(6,30,7),(7,3,6),(8,7,4),(9,6,4),(10,37,5),(11,40,2),(12,42,5),(13,43,5),(17,44,2),(18,45,3),(19,46,5),(20,47,3),(21,26,3),(22,48,5),(23,49,5),(24,33,7);
/*!40000 ALTER TABLE `ilc_user_role` ENABLE KEYS */;
UNLOCK TABLES;

--
-- Table structure for table `lc_details`
--

DROP TABLE IF EXISTS `lc_details`;
/*!40101 SET @saved_cs_client     = @@character_set_client */;
/*!40101 SET character_set_client = utf8 */;
CREATE TABLE `lc_details` (
  `lc_Id` int(11) NOT NULL AUTO_INCREMENT,
  `lc_number` varchar(45) DEFAULT NULL,
  `client_id` int(11) DEFAULT NULL,
  `ammendments_count` int(11) DEFAULT NULL,
  `balance_amount` decimal(25,2) DEFAULT NULL,
  `lc_amount` decimal(25,2) DEFAULT NULL COMMENT 'total',
  `lc_discount_amount` decimal(25,2) DEFAULT NULL,
  `last_discounted_date` date DEFAULT NULL,
  `prev_ammend_date` date DEFAULT NULL,
  `expiry_date` date DEFAULT NULL,
  `lc_shipment_expiry_date` date DEFAULT NULL,
  `bank_id` int(11) DEFAULT NULL,
  `lc_creation_date` date DEFAULT NULL,
  `lc_last_dispatch_date` date DEFAULT NULL,
  `beneficiary_id` int(11) DEFAULT NULL,
  `applicant_id` int(11) DEFAULT NULL,
  `lc_date` date DEFAULT NULL,
  `lc_rest_amount` varchar(45) DEFAULT NULL,
  `lc_rest_flag` varchar(45) DEFAULT NULL,
  PRIMARY KEY (`lc_Id`),
  KEY `FK_client_id_LC` (`client_id`),
  KEY `FK_applicant_id_LC` (`applicant_id`),
  KEY `FK_beneficiary_id_LC` (`beneficiary_id`),
  KEY `FK_bank_id_LC` (`bank_id`),
  CONSTRAINT `FK_applicant_id_LC` FOREIGN KEY (`applicant_id`) REFERENCES `client_master` (`clientId`),
  CONSTRAINT `FK_bank_id_LC` FOREIGN KEY (`bank_id`) REFERENCES `discounting_bank_details` (`bank_id`),
  CONSTRAINT `FK_beneficiary_id_LC` FOREIGN KEY (`beneficiary_id`) REFERENCES `client_master` (`clientId`),
  CONSTRAINT `FK_client_id_LC` FOREIGN KEY (`client_id`) REFERENCES `client_master` (`clientId`)
) ENGINE=InnoDB AUTO_INCREMENT=26789 DEFAULT CHARSET=latin1;
/*!40101 SET character_set_client = @saved_cs_client */;

--
-- Dumping data for table `lc_details`
--

LOCK TABLES `lc_details` WRITE;
/*!40000 ALTER TABLE `lc_details` DISABLE KEYS */;
INSERT INTO `lc_details` VALUES (26717,'0129519LC0000035',2914,NULL,25061876.16,25064380.00,2503.84,'2019-08-20',NULL,'2019-06-16',NULL,1067,NULL,'2019-05-27',2915,2914,'2019-05-21','100000',NULL),(26718,'003LC03191400017',2919,NULL,8524040.00,9434350.00,800000.00,NULL,NULL,'2019-01-21',NULL,1070,NULL,'2019-01-31',2932,2919,'2019-01-20','10000.00',NULL),(26719,'01244445300',2922,NULL,0.00,500000.00,298900.00,'2019-08-20',NULL,'2019-08-22',NULL,1072,NULL,'2019-05-22',2922,2921,'2019-05-22','100','Y'),(26721,'0000012121212121212121212',2923,NULL,-43000.00,200000.00,50000.00,'2019-08-23',NULL,'2019-05-28',NULL,1072,NULL,'2019-05-24',2924,2923,'2019-05-23','1000','Y'),(26722,'01141638383',2926,NULL,900.00,1000.00,100.00,'2019-07-19',NULL,'2019-05-31',NULL,1075,NULL,'2019-05-28',2923,2926,'2019-05-27','100',NULL),(26723,'                           ',2925,NULL,1000.00,1000.00,0.00,NULL,NULL,'2019-06-03',NULL,1075,NULL,'2019-05-29',2926,2925,'2019-05-27','100',NULL),(26724,'2672401541542146',2926,NULL,200.00,1000.00,100.00,'2019-08-21',NULL,'2019-06-26',NULL,1075,NULL,'2019-05-30',2925,2926,'2019-05-29','100',NULL),(26725,'                                             ',2927,NULL,499900.00,500000.00,100.00,NULL,NULL,'2023-06-05',NULL,1074,NULL,'2019-06-05',2931,2927,'2019-06-05','100000.00',NULL),(26727,'26263150135',2930,NULL,99000.00,100000.00,1000.00,'2019-06-20',NULL,'2019-07-09',NULL,1079,NULL,'2019-06-21',2931,2930,'2019-06-20','100','N'),(26728,'53105136262',2931,NULL,1999000.00,2000000.00,1000.00,NULL,NULL,'2019-06-29',NULL,1079,NULL,'2019-06-21',2930,2931,'2019-06-20','100','N'),(26729,'arvind012335466879',2916,NULL,2000000.00,2000000.00,0.00,NULL,NULL,'2023-06-20',NULL,1075,NULL,'2019-06-20',2917,2916,'2019-06-20','100000.00',NULL),(26730,'989191785487',2930,NULL,10000000.00,10000000.00,0.00,NULL,NULL,'2019-06-30',NULL,1079,NULL,'2019-06-21',2931,2930,'2019-06-22','1000',NULL),(26731,'123455arvind',2915,NULL,50000.00,50000.00,0.00,NULL,NULL,'2022-06-20',NULL,1066,NULL,'2019-06-20',2916,2915,'2019-06-20','10000',NULL),(26732,'9876543210',2926,NULL,5000000.00,5000000.00,0.00,NULL,NULL,'2019-12-26',NULL,1070,NULL,'2019-06-27',2925,2926,'2019-06-11','100.00',NULL),(26733,'9876543288',2927,NULL,400000.00,500000.00,100000.00,NULL,NULL,'2019-10-26',NULL,1070,NULL,'2019-06-26',2927,2927,'2019-06-26','100000',NULL),(26734,'9876543777',2932,NULL,499979000.00,500000000.00,20000.00,NULL,NULL,'2019-06-29',NULL,1080,NULL,'2019-06-26',2932,2932,'2019-06-27','8000000','N'),(26735,'246455',2930,NULL,4000000.00,5000000.00,1000000.00,NULL,NULL,'2019-06-30',NULL,1079,NULL,'2019-06-27',2931,2930,'2019-06-27','100','N'),(26736,'fhhhhhhhhh',2934,NULL,76.00,76.00,0.00,NULL,NULL,'2019-07-05',NULL,1079,NULL,'2019-07-02',2931,2934,'2019-07-02',NULL,NULL),(26737,'001234567890',2935,NULL,900.00,1000.00,100.00,'2019-08-20',NULL,'2019-07-16',NULL,1083,NULL,'2019-07-13',2936,2935,'2019-07-12','100','N'),(26738,'098765432100',2932,NULL,98000.00,100000.00,2000.00,NULL,NULL,'2019-07-18',NULL,1084,NULL,'2019-07-13',2935,2932,'2019-07-13','8000000','Y'),(26739,'5236598748',2932,NULL,900.00,1000.00,100.00,NULL,NULL,'2019-07-13',NULL,1074,NULL,'2019-07-12',2936,2932,'2019-07-12','8000000','Y'),(26740,'0009818098180',2934,NULL,1800.00,2000.00,100.00,'2019-07-17',NULL,'2019-07-19',NULL,1083,NULL,'2019-07-17',2934,2935,'2019-07-16','100','N'),(26741,'11111111111',2922,NULL,90000.00,100000.00,10000.00,'2019-07-22',NULL,'2019-07-30',NULL,1083,NULL,'2019-07-18',2936,2922,'2019-07-17','100','N'),(26742,'12200219072019',2937,NULL,98900.00,100000.00,100.00,'2019-08-20',NULL,'2019-07-30',NULL,1085,NULL,'2019-07-20',2938,2937,'2019-07-19','1000',NULL),(26743,'003LM02110760006',2939,NULL,300000.00,500000.00,100000.00,NULL,NULL,'2019-08-30',NULL,1087,NULL,'2019-08-02',2940,2939,'2020-07-28','100',NULL),(26744,'3035611LC0000033',2940,NULL,87500.00,200000.00,10000.00,'2019-08-30',NULL,'2019-08-23',NULL,1088,NULL,'2019-07-31',2939,2940,'2019-07-31','1000','N'),(26745,'0616ILC007619',2941,NULL,2102992.00,2102992.00,0.00,NULL,NULL,'2019-01-31',NULL,1089,NULL,'2019-01-15',2942,2941,'2019-01-31','0',NULL),(26747,'00131ILC006910',2934,NULL,1327000.00,1327000.00,0.00,NULL,NULL,'2019-01-04',NULL,1075,NULL,'2019-01-06',2934,2943,'2019-01-01','100.00',NULL),(26748,'2019201920192019',2940,NULL,99000.00,100000.00,1000.00,NULL,NULL,'2019-01-19',NULL,1088,NULL,'2019-01-02',2939,2940,'2019-01-02','1000',NULL),(26749,'1817319LC0000678',2947,NULL,0.00,1118404.00,1118404.00,'2019-08-19',NULL,'2019-09-21',NULL,1091,NULL,'2019-08-31',2947,2946,'2019-07-25',NULL,'N'),(26750,'0113ILCIS0013019',2948,NULL,957235.00,2876557.00,100000.00,'2019-08-02',NULL,'2019-08-20',NULL,1093,NULL,'2019-07-30',2948,2950,'2019-07-23',NULL,'N'),(26751,'113454646',2922,NULL,120000.00,120000.00,0.00,NULL,NULL,'2019-08-02',NULL,1095,NULL,'2019-08-28',2922,2922,'2019-08-28','100',NULL),(26753,'110127ILU00762',2952,NULL,10000.00,10000.00,0.00,NULL,NULL,'2019-01-25',NULL,1088,NULL,'2019-01-08',2935,2952,'2019-01-05','100.00',NULL),(26755,'246455246455',2939,NULL,1000.00,1000.00,0.00,NULL,NULL,'2019-01-24',NULL,1096,NULL,'2019-01-06',2940,2939,'2019-01-05','100.00',NULL),(26757,'qw123456',2951,NULL,1000000.00,1000000.00,0.00,NULL,NULL,'2020-01-06',NULL,1068,NULL,'2019-01-06',2925,2951,'2019-01-06','100.00',NULL),(26758,'0505111LC0003743',2955,NULL,100000.00,100000.00,0.00,NULL,NULL,'2019-01-28',NULL,1100,NULL,'2019-01-07',2956,2955,'2019-01-06','1000.00',NULL),(26759,'Arvind1234wwwww',2945,NULL,10000.00,10000.00,0.00,NULL,NULL,'2020-01-06',NULL,1094,NULL,'2019-01-06',2925,2945,'2019-01-06','100.00',NULL),(26760,'31601024750012',2955,NULL,600000.00,700000.00,100000.00,NULL,NULL,'2019-01-25',NULL,1100,NULL,'2019-01-08',2956,2955,'2019-01-07','1000','N'),(26761,'qwqw11233',2926,NULL,500000.00,500000.00,0.00,NULL,NULL,'2023-01-07',NULL,1094,NULL,'2019-01-07',2926,2935,'2019-01-07','100.00',NULL),(26762,'200701012007',2940,NULL,9000.00,10000.00,1000.00,'2019-08-27',NULL,'2019-01-20',NULL,1088,NULL,'2019-01-12',2938,2940,'2019-01-11','1000','N'),(26763,'0687950005119',2958,NULL,2568793.00,2568893.00,100.00,'2019-08-29',NULL,'2019-08-21',NULL,1102,NULL,'2019-07-31',2958,2957,'2019-07-01',NULL,'N'),(26764,'11223344LC0055',2934,NULL,90500.00,100000.00,9500.00,NULL,NULL,'2019-09-30',NULL,1100,NULL,'2019-08-13',2924,2934,'2019-08-12','100',NULL),(26765,'0078ILCIS0002119',2959,NULL,6225236.00,6435236.00,200000.00,NULL,NULL,'2019-10-14',NULL,1104,NULL,'2019-11-04',2960,2959,'2019-08-19',NULL,NULL),(26766,'0176ILC005211',2961,NULL,500.00,1000.00,500.00,'2019-08-29',NULL,'2019-01-17',NULL,1105,NULL,'2019-01-17',2962,2961,'2019-01-17','100','N'),(26767,'6013ILCIS190072',2963,NULL,0.00,6065286.00,6065286.00,'2019-08-19',NULL,'2019-09-04',NULL,1107,NULL,'2019-08-25',2963,2964,'2019-06-18','100','Y'),(26768,'0056LCO-0000836',2965,NULL,3655.00,560500.00,556845.00,NULL,NULL,'2019-08-30',NULL,1108,NULL,'2019-08-16',2966,2965,'2019-08-28','100',NULL),(26769,'ICPL19941711',2939,NULL,298.00,1000.00,201.00,'2019-08-29',NULL,'2019-01-20',NULL,1096,NULL,'2019-01-20',2934,2939,'2019-01-20','100','N'),(26770,'00401198201012007',2954,NULL,99000.00,100000.00,1000.00,NULL,NULL,'2019-01-31',NULL,1096,NULL,'2019-01-21',2961,2954,'2019-08-21','100',NULL),(26771,'0717INLU00002711',2969,NULL,40000.00,50000.00,10000.00,'2019-08-23',NULL,'2019-01-25',NULL,1110,NULL,'2019-01-22',2970,2969,'2019-01-22','100','N'),(26772,'110127ILCU00305',2970,NULL,50000.00,100000.00,50000.00,'2019-08-23',NULL,'2019-01-30',NULL,1110,NULL,'2019-01-22',2969,2970,'2019-01-22','100','N'),(26773,'sssss12345678910',2969,NULL,50000000.00,50000000.00,0.00,NULL,NULL,'2021-01-23',NULL,1070,NULL,'2019-01-23',2961,2969,'2019-01-23','100.00',NULL),(26774,'OLC0005190023884',2967,NULL,908338.00,2853417.00,1945079.00,'2019-05-30',NULL,'2019-01-09',NULL,1112,NULL,'2019-01-30',2967,2968,'2019-01-22',NULL,'N'),(26775,'3188319LC0000139',2971,NULL,281.00,1406000.00,1405719.00,NULL,NULL,'2019-01-31',NULL,1108,NULL,'2019-01-21',2972,2971,'2019-01-14',NULL,'N'),(26776,'2019AUG27AL002370',2974,NULL,10000.00,20000.00,10000.00,'2019-08-28',NULL,'2019-01-04',NULL,1114,NULL,'2019-01-28',2975,2974,'2019-01-27','100','N'),(26777,'2019AUG28AK002371',2974,NULL,30000.00,50000.00,20000.00,'2019-08-30',NULL,'2019-01-26',NULL,1114,NULL,'2019-01-29',2975,2974,'2019-01-29','100','N'),(26778,'SSSSqw12',2954,NULL,500000.00,500000.00,0.00,NULL,NULL,'2020-01-28',NULL,1088,NULL,'2019-01-28',2974,2954,'2019-01-28','100.00',NULL),(26779,'0048950007319',2976,NULL,30619441.00,30619441.00,0.00,NULL,NULL,'2019-01-25',NULL,1116,NULL,'2019-01-10',2977,2976,'2019-01-24',NULL,NULL),(26780,'0048950007319.',2976,NULL,0.00,30619441.00,30619441.00,NULL,NULL,'2019-01-25',NULL,1116,NULL,'2019-01-10',2977,2976,'2019-01-24',NULL,'Y'),(26781,'0418419LC0000017',2980,NULL,7622527.00,11142500.00,3519973.00,'2019-04-06',NULL,'2019-01-10',NULL,1118,NULL,'2019-01-30',2981,2980,'2019-01-12',NULL,'N'),(26782,'30082019AUG0123',2975,NULL,30000.00,50000.00,20000.00,'2019-08-31',NULL,'2019-09-29',NULL,1114,NULL,'2019-08-30',2974,2975,'2019-08-30','100','N'),(26783,'999998888',2980,NULL,3333333.00,3333333.00,0.00,'2019-08-30',NULL,'2019-11-30',NULL,1096,NULL,'2019-08-30',2935,2980,'2019-08-30','444',NULL),(26784,'31082019AUGUST010850',2983,NULL,200000.00,300000.00,100000.00,'2019-09-02',NULL,'2019-10-04',NULL,1119,NULL,'2019-08-31',2984,2983,'2019-08-31','1000','N'),(26785,'01092019ABCD0809',2983,NULL,0.00,200000.00,200000.00,'2019-09-01',NULL,'2019-09-13',NULL,1119,NULL,'2019-09-02',2984,2983,'2019-09-01','1000','Y'),(26786,'02092019SEP05970',2983,NULL,0.00,100000.00,100000.00,'2019-09-03',NULL,'2019-09-10',NULL,1119,NULL,'2019-09-03',2984,2983,'2019-09-02','1000','Y'),(26787,'0129519LC0000076',2914,NULL,14200.00,25093880.00,3143315.00,NULL,NULL,'2019-09-28',NULL,1067,NULL,'2019-09-07',2915,2914,'2019-08-31',NULL,NULL),(26788,'0113ILCIS0016019',2948,NULL,3535879.00,3545879.00,10000.00,'2019-09-16',NULL,'2019-09-28',NULL,1093,NULL,'2019-09-07',2948,2950,'2019-09-02',NULL,'N');
/*!40000 ALTER TABLE `lc_details` ENABLE KEYS */;
UNLOCK TABLES;
/*!40103 SET TIME_ZONE=@OLD_TIME_ZONE */;

/*!40101 SET SQL_MODE=@OLD_SQL_MODE */;
/*!40014 SET FOREIGN_KEY_CHECKS=@OLD_FOREIGN_KEY_CHECKS */;
/*!40014 SET UNIQUE_CHECKS=@OLD_UNIQUE_CHECKS */;
/*!40101 SET CHARACTER_SET_CLIENT=@OLD_CHARACTER_SET_CLIENT */;
/*!40101 SET CHARACTER_SET_RESULTS=@OLD_CHARACTER_SET_RESULTS */;
/*!40101 SET COLLATION_CONNECTION=@OLD_COLLATION_CONNECTION */;
/*!40111 SET SQL_NOTES=@OLD_SQL_NOTES */;

-- Dump completed on 2019-11-28 16:32:09
